Survived,Pclass,Name,Sex,Age,Siblings/Spouses Aboard,Parents/Children Aboard,Fare,UUID
0,3,Mr. Owen Harris Braund,male,22,1,0,7.25,a9ab8ba6-91d3-11e9-af94-a45e60d235db
1,1,Mrs. John Bradley (Florence Briggs Thayer) Cumings,female,38,1,0,71.2833,a9ab8dc2-91d3-11e9-af94-a45e60d235db
1,3,Miss. Laina Heikkinen,female,26,0,0,7.925,a9ab8e4e-91d3-11e9-af94-a45e60d235db
1,1,Mrs. Jacques Heath (Lily May Peel) Futrelle,female,35,1,0,53.1,a9ab8ebc-91d3-11e9-af94-a45e60d235db
0,3,Mr. William Henry Allen,male,35,0,0,8.05,a9ab8f20-91d3-11e9-af94-a45e60d235db
0,3,Mr. James Moran,male,27,0,0,8.4583,a9ab8f7a-91d3-11e9-af94-a45e60d235db
0,1,Mr. Timothy J McCarthy,male,54,0,0,51.8625,a9ab8fd4-91d3-11e9-af94-a45e60d235db
0,3,Master. Gosta Leonard Palsson,male,2,3,1,21.075,a9ab902e-91d3-11e9-af94-a45e60d235db
1,3,Mrs. Oscar W (Elisabeth Vilhelmina Berg) Johnson,female,27,0,2,11.1333,a9ab9092-91d3-11e9-af94-a45e60d235db
1,2,Mrs. Nicholas (Adele Achem) Nasser,female,14,1,0,30.0708,a9ab90f6-91d3-11e9-af94-a45e60d235db
1,3,Miss. Marguerite Rut Sandstrom,female,4,1,1,16.7,a9ab915a-91d3-11e9-af94-a45e60d235db
1,1,Miss. Elizabeth Bonnell,female,58,0,0,26.55,a9ab91b4-91d3-11e9-af94-a45e60d235db
0,3,Mr. William Henry Saundercock,male,20,0,0,8.05,a9ab920e-91d3-11e9-af94-a45e60d235db
0,3,Mr. Anders Johan Andersson,male,39,1,5,31.275,a9ab9268-91d3-11e9-af94-a45e60d235db
0,3,Miss. Hulda Amanda Adolfina Vestrom,female,14,0,0,7.8542,a9ab92c2-91d3-11e9-af94-a45e60d235db
1,2,Mrs. (Mary D Kingcome) Hewlett,female,55,0,0,16,a9ab931c-91d3-11e9-af94-a45e60d235db
0,3,Master. Eugene Rice,male,2,4,1,29.125,a9ab9376-91d3-11e9-af94-a45e60d235db
1,2,Mr. Charles Eugene Williams,male,23,0,0,13,a9ab93d0-91d3-11e9-af94-a45e60d235db
0,3,Mrs. Julius (Emelia Maria Vandemoortele) Vander Planke,female,31,1,0,18,a9ab942a-91d3-11e9-af94-a45e60d235db
1,3,Mrs. Fatima Masselmani,female,22,0,0,7.225,a9ab948e-91d3-11e9-af94-a45e60d235db
0,2,Mr. Joseph J Fynney,male,35,0,0,26,a9ab94e8-91d3-11e9-af94-a45e60d235db
1,2,Mr. Lawrence Beesley,male,34,0,0,13,a9ab9538-91d3-11e9-af94-a45e60d235db
1,3,Miss. Anna McGowan,female,15,0,0,8.0292,a9ab9592-91d3-11e9-af94-a45e60d235db
1,1,Mr. William Thompson Sloper,male,28,0,0,35.5,a9ab95e2-91d3-11e9-af94-a45e60d235db
0,3,Miss. Torborg Danira Palsson,female,8,3,1,21.075,a9ab963c-91d3-11e9-af94-a45e60d235db
1,3,Mrs. Carl Oscar (Selma Augusta Emilia Johansson) Asplund,female,38,1,5,31.3875,a9ab96a0-91d3-11e9-af94-a45e60d235db
0,3,Mr. Farred Chehab Emir,male,26,0,0,7.225,a9ab9704-91d3-11e9-af94-a45e60d235db
0,1,Mr. Charles Alexander Fortune,male,19,3,2,263,a9ab975e-91d3-11e9-af94-a45e60d235db
1,3,Miss. Ellen O'Dwyer,female,24,0,0,7.8792,a9ab97b8-91d3-11e9-af94-a45e60d235db
0,3,Mr. Lalio Todoroff,male,23,0,0,7.8958,a9ab9812-91d3-11e9-af94-a45e60d235db
0,1,Don. Manuel E Uruchurtu,male,40,0,0,27.7208,a9ab986c-91d3-11e9-af94-a45e60d235db
1,1,Mrs. William Augustus (Marie Eugenie) Spencer,female,48,1,0,146.5208,a9ab98c6-91d3-11e9-af94-a45e60d235db
1,3,Miss. Mary Agatha Glynn,female,18,0,0,7.75,a9ab9920-91d3-11e9-af94-a45e60d235db
0,2,Mr. Edward H Wheadon,male,66,0,0,10.5,a9ab997a-91d3-11e9-af94-a45e60d235db
0,1,Mr. Edgar Joseph Meyer,male,28,1,0,82.1708,a9ab99d4-91d3-11e9-af94-a45e60d235db
0,1,Mr. Alexander Oskar Holverson,male,42,1,0,52,a9ab9a60-91d3-11e9-af94-a45e60d235db
1,3,Mr. Hanna Mamee,male,18,0,0,7.2292,a9ab9ace-91d3-11e9-af94-a45e60d235db
0,3,Mr. Ernest Charles Cann,male,21,0,0,8.05,a9ab9b28-91d3-11e9-af94-a45e60d235db
0,3,Miss. Augusta Maria Vander Planke,female,18,2,0,18,a9ab9b82-91d3-11e9-af94-a45e60d235db
1,3,Miss. Jamila Nicola-Yarred,female,14,1,0,11.2417,a9ab9bdc-91d3-11e9-af94-a45e60d235db
0,3,Mrs. Johan (Johanna Persdotter Larsson) Ahlin,female,40,1,0,9.475,a9ab9c36-91d3-11e9-af94-a45e60d235db
0,2,Mrs. William John Robert (Dorothy Ann Wonnacott) Turpin,female,27,1,0,21,a9ab9c9a-91d3-11e9-af94-a45e60d235db
1,2,Miss. Simonne Marie Anne Andree Laroche,female,3,1,2,41.5792,a9ab9cfe-91d3-11e9-af94-a45e60d235db
1,3,Miss. Margaret Delia Devaney,female,19,0,0,7.8792,a9ab9d62-91d3-11e9-af94-a45e60d235db
0,3,Mr. William John Rogers,male,30,0,0,8.05,a9ab9dbc-91d3-11e9-af94-a45e60d235db
0,3,Mr. Denis Lennon,male,20,1,0,15.5,a9ab9e0c-91d3-11e9-af94-a45e60d235db
1,3,Miss. Bridget O'Driscoll,female,27,0,0,7.75,a9ab9e66-91d3-11e9-af94-a45e60d235db
0,3,Mr. Youssef Samaan,male,16,2,0,21.6792,a9ab9ec0-91d3-11e9-af94-a45e60d235db
0,3,Mrs. Josef (Josefine Franchi) Arnold-Franchi,female,18,1,0,17.8,a9ab9f1a-91d3-11e9-af94-a45e60d235db
0,3,Master. Juha Niilo Panula,male,7,4,1,39.6875,a9ab9f7e-91d3-11e9-af94-a45e60d235db
0,3,Mr. Richard Cater Nosworthy,male,21,0,0,7.8,a9ab9fd8-91d3-11e9-af94-a45e60d235db
1,1,Mrs. Henry Sleeper (Myna Haxtun) Harper,female,49,1,0,76.7292,a9aba032-91d3-11e9-af94-a45e60d235db
1,2,Mrs. Lizzie (Elizabeth Anne Wilkinson) Faunthorpe,female,29,1,0,26,a9aba08c-91d3-11e9-af94-a45e60d235db
0,1,Mr. Engelhart Cornelius Ostby,male,65,0,1,61.9792,a9aba0f0-91d3-11e9-af94-a45e60d235db
1,1,Mr. Hugh Woolner,male,46,0,0,35.5,a9aba14a-91d3-11e9-af94-a45e60d235db
1,2,Miss. Emily Rugg,female,21,0,0,10.5,a9aba19a-91d3-11e9-af94-a45e60d235db
0,3,Mr. Mansouer Novel,male,28.5,0,0,7.2292,a9aba1f4-91d3-11e9-af94-a45e60d235db
1,2,Miss. Constance Mirium West,female,5,1,2,27.75,a9aba24e-91d3-11e9-af94-a45e60d235db
0,3,Master. William Frederick Goodwin,male,11,5,2,46.9,a9aba2a8-91d3-11e9-af94-a45e60d235db
0,3,Mr. Orsen Sirayanian,male,22,0,0,7.2292,a9aba302-91d3-11e9-af94-a45e60d235db
1,1,Miss. Amelie Icard,female,38,0,0,80,a9aba35c-91d3-11e9-af94-a45e60d235db
0,1,Mr. Henry Birkhardt Harris,male,45,1,0,83.475,a9aba3b6-91d3-11e9-af94-a45e60d235db
0,3,Master. Harald Skoog,male,4,3,2,27.9,a9aba410-91d3-11e9-af94-a45e60d235db
0,1,Mr. Albert A Stewart,male,64,0,0,27.7208,a9aba4b0-91d3-11e9-af94-a45e60d235db
1,3,Master. Gerios Moubarek,male,7,1,1,15.2458,a9aba500-91d3-11e9-af94-a45e60d235db
1,2,Mrs. (Elizabeth Ramell) Nye,female,29,0,0,10.5,a9aba55a-91d3-11e9-af94-a45e60d235db
0,3,Mr. Ernest James Crease,male,19,0,0,8.1583,a9aba5aa-91d3-11e9-af94-a45e60d235db
1,3,Miss. Erna Alexandra Andersson,female,17,4,2,7.925,a9aba604-91d3-11e9-af94-a45e60d235db
0,3,Mr. Vincenz Kink,male,26,2,0,8.6625,a9aba65e-91d3-11e9-af94-a45e60d235db
0,2,Mr. Stephen Curnow Jenkin,male,32,0,0,10.5,a9aba6ae-91d3-11e9-af94-a45e60d235db
0,3,Miss. Lillian Amy Goodwin,female,16,5,2,46.9,a9aba708-91d3-11e9-af94-a45e60d235db
0,2,Mr. Ambrose Jr Hood,male,21,0,0,73.5,a9aba762-91d3-11e9-af94-a45e60d235db
0,3,Mr. Apostolos Chronopoulos,male,26,1,0,14.4542,a9aba7bc-91d3-11e9-af94-a45e60d235db
1,3,Mr. Lee Bing,male,32,0,0,56.4958,a9aba816-91d3-11e9-af94-a45e60d235db
0,3,Mr. Sigurd Hansen Moen,male,25,0,0,7.65,a9aba866-91d3-11e9-af94-a45e60d235db
0,3,Mr. Ivan Staneff,male,23,0,0,7.8958,a9aba8c0-91d3-11e9-af94-a45e60d235db
0,3,Mr. Rahamin Haim Moutal,male,28,0,0,8.05,a9aba910-91d3-11e9-af94-a45e60d235db
1,2,Master. Alden Gates Caldwell,male,0.83,0,2,29,a9aba96a-91d3-11e9-af94-a45e60d235db
1,3,Miss. Elizabeth Dowdell,female,30,0,0,12.475,a9aba9c4-91d3-11e9-af94-a45e60d235db
0,3,Mr. Achille Waelens,male,22,0,0,9,a9abaa14-91d3-11e9-af94-a45e60d235db
1,3,Mr. Jan Baptist Sheerlinck,male,29,0,0,9.5,a9abaa6e-91d3-11e9-af94-a45e60d235db
1,3,Miss. Brigdet Delia McDermott,female,31,0,0,7.7875,a9abaabe-91d3-11e9-af94-a45e60d235db
0,1,Mr. Francisco M Carrau,male,28,0,0,47.1,a9abab18-91d3-11e9-af94-a45e60d235db
1,2,Miss. Bertha Ilett,female,17,0,0,10.5,a9abab68-91d3-11e9-af94-a45e60d235db
1,3,Mrs. Karl Alfred (Maria Mathilda Gustafsson) Backstrom,female,33,3,0,15.85,a9ababc2-91d3-11e9-af94-a45e60d235db
0,3,Mr. William Neal Ford,male,16,1,3,34.375,a9abac26-91d3-11e9-af94-a45e60d235db
0,3,Mr. Selman Francis Slocovski,male,20,0,0,8.05,a9abac76-91d3-11e9-af94-a45e60d235db
1,1,Miss. Mabel Helen Fortune,female,23,3,2,263,a9abacd0-91d3-11e9-af94-a45e60d235db
0,3,Mr. Francesco Celotti,male,24,0,0,8.05,a9abad2a-91d3-11e9-af94-a45e60d235db
0,3,Mr. Emil Christmann,male,29,0,0,8.05,a9abad84-91d3-11e9-af94-a45e60d235db
0,3,Mr. Paul Edvin Andreasson,male,20,0,0,7.8542,a9abadd4-91d3-11e9-af94-a45e60d235db
0,1,Mr. Herbert Fuller Chaffee,male,46,1,0,61.175,a9abae2e-91d3-11e9-af94-a45e60d235db
0,3,Mr. Bertram Frank Dean,male,26,1,2,20.575,a9abaf6e-91d3-11e9-af94-a45e60d235db
0,3,Mr. Daniel Coxon,male,59,0,0,7.25,a9abafdc-91d3-11e9-af94-a45e60d235db
0,3,Mr. Charles Joseph Shorney,male,22,0,0,8.05,a9abb036-91d3-11e9-af94-a45e60d235db
0,1,Mr. George B Goldschmidt,male,71,0,0,34.6542,a9abb090-91d3-11e9-af94-a45e60d235db
1,1,Mr. William Bertram Greenfield,male,23,0,1,63.3583,a9abb0ea-91d3-11e9-af94-a45e60d235db
1,2,Mrs. John T (Ada Julia Bone) Doling,female,34,0,1,23,a9abb144-91d3-11e9-af94-a45e60d235db
0,2,Mr. Sinai Kantor,male,34,1,0,26,a9abb194-91d3-11e9-af94-a45e60d235db
0,3,Miss. Matilda Petranec,female,28,0,0,7.8958,a9abb1ee-91d3-11e9-af94-a45e60d235db
0,3,Mr. Pastcho Petroff,male,29,0,0,7.8958,a9abb23e-91d3-11e9-af94-a45e60d235db
0,1,Mr. Richard Frasar White,male,21,0,1,77.2875,a9abb298-91d3-11e9-af94-a45e60d235db
0,3,Mr. Gustaf Joel Johansson,male,33,0,0,8.6542,a9abb2f2-91d3-11e9-af94-a45e60d235db
0,3,Mr. Anders Vilhelm Gustafsson,male,37,2,0,7.925,a9abb342-91d3-11e9-af94-a45e60d235db
0,3,Mr. Stoytcho Mionoff,male,28,0,0,7.8958,a9abb39c-91d3-11e9-af94-a45e60d235db
1,3,Miss. Anna Kristine Salkjelsvik,female,21,0,0,7.65,a9abb3f6-91d3-11e9-af94-a45e60d235db
1,3,Mr. Albert Johan Moss,male,29,0,0,7.775,a9abb446-91d3-11e9-af94-a45e60d235db
0,3,Mr. Tido Rekic,male,38,0,0,7.8958,a9abb496-91d3-11e9-af94-a45e60d235db
1,3,Miss. Bertha Moran,female,28,1,0,24.15,a9abb4f0-91d3-11e9-af94-a45e60d235db
0,1,Mr. Walter Chamberlain Porter,male,47,0,0,52,a9abb540-91d3-11e9-af94-a45e60d235db
0,3,Miss. Hileni Zabour,female,14.5,1,0,14.4542,a9abb59a-91d3-11e9-af94-a45e60d235db
0,3,Mr. David John Barton,male,22,0,0,8.05,a9abb5f4-91d3-11e9-af94-a45e60d235db
0,3,Miss. Katriina Jussila,female,20,1,0,9.825,a9abb644-91d3-11e9-af94-a45e60d235db
0,3,Miss. Malake Attalah,female,17,0,0,14.4583,a9abb69e-91d3-11e9-af94-a45e60d235db
0,3,Mr. Edvard Pekoniemi,male,21,0,0,7.925,a9abb6ee-91d3-11e9-af94-a45e60d235db
0,3,Mr. Patrick Connors,male,70.5,0,0,7.75,a9abb748-91d3-11e9-af94-a45e60d235db
0,2,Mr. William John Robert Turpin,male,29,1,0,21,a9abb798-91d3-11e9-af94-a45e60d235db
0,1,Mr. Quigg Edmond Baxter,male,24,0,1,247.5208,a9abb7f2-91d3-11e9-af94-a45e60d235db
0,3,Miss. Ellis Anna Maria Andersson,female,2,4,2,31.275,a9abb84c-91d3-11e9-af94-a45e60d235db
0,2,Mr. Stanley George Hickman,male,21,2,0,73.5,a9abb89c-91d3-11e9-af94-a45e60d235db
0,3,Mr. Leonard Charles Moore,male,19,0,0,8.05,a9abb8f6-91d3-11e9-af94-a45e60d235db
0,2,Mr. Nicholas Nasser,male,32.5,1,0,30.0708,a9abb946-91d3-11e9-af94-a45e60d235db
1,2,Miss. Susan Webber,female,32.5,0,0,13,a9abb9a0-91d3-11e9-af94-a45e60d235db
0,1,Mr. Percival Wayland White,male,54,0,1,77.2875,a9abb9f0-91d3-11e9-af94-a45e60d235db
1,3,Master. Elias Nicola-Yarred,male,12,1,0,11.2417,a9abba4a-91d3-11e9-af94-a45e60d235db
0,3,Mr. Martin McMahon,male,19,0,0,7.75,a9abbaa4-91d3-11e9-af94-a45e60d235db
1,3,Mr. Fridtjof Arne Madsen,male,24,0,0,7.1417,a9abbaf4-91d3-11e9-af94-a45e60d235db
1,3,Miss. Anna Peter,female,2,1,1,22.3583,a9abbb4e-91d3-11e9-af94-a45e60d235db
0,3,Mr. Johan Ekstrom,male,45,0,0,6.975,a9abbb9e-91d3-11e9-af94-a45e60d235db
0,3,Mr. Jozef Drazenoic,male,33,0,0,7.8958,a9abbbee-91d3-11e9-af94-a45e60d235db
0,3,Mr. Domingos Fernandeo Coelho,male,20,0,0,7.05,a9abbc48-91d3-11e9-af94-a45e60d235db
0,3,Mrs. Alexander A (Grace Charity Laury) Robins,female,47,1,0,14.5,a9abbca2-91d3-11e9-af94-a45e60d235db
1,2,Mrs. Leopold (Mathilde Francoise Pede) Weisz,female,29,1,0,26,a9abbdd8-91d3-11e9-af94-a45e60d235db
0,2,Mr. Samuel James Hayden Sobey,male,25,0,0,13,a9abbe8c-91d3-11e9-af94-a45e60d235db
0,2,Mr. Emile Richard,male,23,0,0,15.0458,a9abbf36-91d3-11e9-af94-a45e60d235db
1,1,Miss. Helen Monypeny Newsom,female,19,0,2,26.2833,a9abbffe-91d3-11e9-af94-a45e60d235db
0,1,Mr. Jacques Heath Futrelle,male,37,1,0,53.1,a9abc0b2-91d3-11e9-af94-a45e60d235db
0,3,Mr. Olaf Elon Osen,male,16,0,0,9.2167,a9abc12a-91d3-11e9-af94-a45e60d235db
0,1,Mr. Victor Giglio,male,24,0,0,79.2,a9abc184-91d3-11e9-af94-a45e60d235db
0,3,Mrs. Joseph (Sultana) Boulos,female,40,0,2,15.2458,a9abc1de-91d3-11e9-af94-a45e60d235db
1,3,Miss. Anna Sofia Nysten,female,22,0,0,7.75,a9abc238-91d3-11e9-af94-a45e60d235db
1,3,Mrs. Pekka Pietari (Elin Matilda Dolck) Hakkarainen,female,24,1,0,15.85,a9abc292-91d3-11e9-af94-a45e60d235db
0,3,Mr. Jeremiah Burke,male,19,0,0,6.75,a9abc2ec-91d3-11e9-af94-a45e60d235db
0,2,Mr. Edgardo Samuel Andrew,male,18,0,0,11.5,a9abc346-91d3-11e9-af94-a45e60d235db
0,2,Mr. Joseph Charles Nicholls,male,19,1,1,36.75,a9abc3d2-91d3-11e9-af94-a45e60d235db
1,3,Mr. August Edvard Andersson,male,27,0,0,7.7958,a9abc436-91d3-11e9-af94-a45e60d235db
0,3,Miss. Robina Maggie Ford,female,9,2,2,34.375,a9abc490-91d3-11e9-af94-a45e60d235db
0,2,Mr. Michel Navratil,male,36.5,0,2,26,a9abc5bc-91d3-11e9-af94-a45e60d235db
0,2,Rev. Thomas Roussel Davids Byles,male,42,0,0,13,a9abc706-91d3-11e9-af94-a45e60d235db
0,2,Rev. Robert James Bateman,male,51,0,0,12.525,a9abc77e-91d3-11e9-af94-a45e60d235db
1,1,Mrs. Thomas (Edith Wearne) Pears,female,22,1,0,66.6,a9abc7ec-91d3-11e9-af94-a45e60d235db
0,3,Mr. Alfonzo Meo,male,55.5,0,0,8.05,a9abc85a-91d3-11e9-af94-a45e60d235db
0,3,Mr. Austin Blyler van Billiard,male,40.5,0,2,14.5,a9abc8be-91d3-11e9-af94-a45e60d235db
0,3,Mr. Ole Martin Olsen,male,27,0,0,7.3125,a9abc918-91d3-11e9-af94-a45e60d235db
0,1,Mr. Charles Duane Williams,male,51,0,1,61.3792,a9abc99a-91d3-11e9-af94-a45e60d235db
1,3,Miss. Katherine Gilnagh,female,16,0,0,7.7333,a9abca94-91d3-11e9-af94-a45e60d235db
0,3,Mr. Harry Corn,male,30,0,0,8.05,a9abcc2e-91d3-11e9-af94-a45e60d235db
0,3,Mr. Mile Smiljanic,male,37,0,0,8.6625,a9abcd28-91d3-11e9-af94-a45e60d235db
0,3,Master. Thomas Henry Sage,male,5,8,2,69.55,a9abcdd2-91d3-11e9-af94-a45e60d235db
0,3,Mr. John Hatfield Cribb,male,44,0,1,16.1,a9abce7c-91d3-11e9-af94-a45e60d235db
1,2,Mrs. James (Elizabeth Inglis Milne) Watt,female,40,0,0,15.75,a9abd8ea-91d3-11e9-af94-a45e60d235db
0,3,Mr. John Viktor Bengtsson,male,26,0,0,7.775,a9abd9d0-91d3-11e9-af94-a45e60d235db
0,3,Mr. Jovo Calic,male,17,0,0,8.6625,a9abda48-91d3-11e9-af94-a45e60d235db
0,3,Master. Eino Viljami Panula,male,1,4,1,39.6875,a9abdaac-91d3-11e9-af94-a45e60d235db
1,3,Master. Frank John William Goldsmith,male,9,0,2,20.525,a9abdb10-91d3-11e9-af94-a45e60d235db
1,1,Mrs. (Edith Martha Bowerman) Chibnall,female,48,0,1,55,a9abdb7e-91d3-11e9-af94-a45e60d235db
0,3,Mrs. William (Anna Bernhardina Karlsson) Skoog,female,45,1,4,27.9,a9abdbe2-91d3-11e9-af94-a45e60d235db
0,1,Mr. John D Baumann,male,60,0,0,25.925,a9abdc3c-91d3-11e9-af94-a45e60d235db
0,3,Mr. Lee Ling,male,28,0,0,56.4958,a9abdc96-91d3-11e9-af94-a45e60d235db
0,1,Mr. Wyckoff Van der hoef,male,61,0,0,33.5,a9abdcf0-91d3-11e9-af94-a45e60d235db
0,3,Master. Arthur Rice,male,4,4,1,29.125,a9abdd4a-91d3-11e9-af94-a45e60d235db
1,3,Miss. Eleanor Ileen Johnson,female,1,1,1,11.1333,a9abdd9a-91d3-11e9-af94-a45e60d235db
0,3,Mr. Antti Wilhelm Sivola,male,21,0,0,7.925,a9abddf4-91d3-11e9-af94-a45e60d235db
0,1,Mr. James Clinch Smith,male,56,0,0,30.6958,a9abde4e-91d3-11e9-af94-a45e60d235db
0,3,Mr. Klas Albin Klasen,male,18,1,1,7.8542,a9abdea8-91d3-11e9-af94-a45e60d235db
0,3,Master. Henry Forbes Lefebre,male,5,3,1,25.4667,a9abdef8-91d3-11e9-af94-a45e60d235db
0,1,Miss. Ann Elizabeth Isham,female,50,0,0,28.7125,a9abdf52-91d3-11e9-af94-a45e60d235db
0,2,Mr. Reginald Hale,male,30,0,0,13,a9abdfac-91d3-11e9-af94-a45e60d235db
0,3,Mr. Lionel Leonard,male,36,0,0,0,a9abe006-91d3-11e9-af94-a45e60d235db
0,3,Miss. Constance Gladys Sage,female,8,8,2,69.55,a9abe056-91d3-11e9-af94-a45e60d235db
0,2,Mr. Rene Pernot,male,39,0,0,15.05,a9abe0b0-91d3-11e9-af94-a45e60d235db
0,3,Master. Clarence Gustaf Hugo Asplund,male,9,4,2,31.3875,a9abe10a-91d3-11e9-af94-a45e60d235db
1,2,Master. Richard F Becker,male,1,2,1,39,a9abe164-91d3-11e9-af94-a45e60d235db
1,3,Miss. Luise Gretchen Kink-Heilmann,female,4,0,2,22.025,a9abe1be-91d3-11e9-af94-a45e60d235db
0,1,Mr. Hugh Roscoe Rood,male,39,0,0,50,a9abe218-91d3-11e9-af94-a45e60d235db
1,3,Mrs. Thomas (Johanna Godfrey) O'Brien,female,26,1,0,15.5,a9abe272-91d3-11e9-af94-a45e60d235db
1,1,Mr. Charles Hallace Romaine,male,45,0,0,26.55,a9abe2cc-91d3-11e9-af94-a45e60d235db
0,3,Mr. John Bourke,male,40,1,1,15.5,a9abe326-91d3-11e9-af94-a45e60d235db
0,3,Mr. Stjepan Turcin,male,36,0,0,7.8958,a9abe40c-91d3-11e9-af94-a45e60d235db
1,2,Mrs. (Rosa) Pinsky,female,32,0,0,13,a9abe484-91d3-11e9-af94-a45e60d235db
0,2,Mr. William Carbines,male,19,0,0,13,a9abe4d4-91d3-11e9-af94-a45e60d235db
1,3,Miss. Carla Christine Nielsine Andersen-Jensen,female,19,1,0,7.8542,a9abe52e-91d3-11e9-af94-a45e60d235db
1,2,Master. Michel M Navratil,male,3,1,1,26,a9abe592-91d3-11e9-af94-a45e60d235db
1,1,Mrs. James Joseph (Margaret Tobin) Brown,female,44,0,0,27.7208,a9abe5ec-91d3-11e9-af94-a45e60d235db
1,1,Miss. Elise Lurette,female,58,0,0,146.5208,a9abe646-91d3-11e9-af94-a45e60d235db
0,3,Mr. Robert Mernagh,male,28,0,0,7.75,a9abe6a0-91d3-11e9-af94-a45e60d235db
0,3,Mr. Karl Siegwart Andreas Olsen,male,42,0,1,8.4042,a9abe6f0-91d3-11e9-af94-a45e60d235db
1,3,Miss. Margaret Madigan,female,21,0,0,7.75,a9abe74a-91d3-11e9-af94-a45e60d235db
0,2,Miss. Henriette Yrois,female,24,0,0,13,a9abe7a4-91d3-11e9-af94-a45e60d235db
0,3,Mr. Nestor Cyriel Vande Walle,male,28,0,0,9.5,a9abe7fe-91d3-11e9-af94-a45e60d235db
0,3,Mr. Frederick Sage,male,17,8,2,69.55,a9abe84e-91d3-11e9-af94-a45e60d235db
0,3,Mr. Jakob Alfred Johanson,male,34,0,0,6.4958,a9abe8a8-91d3-11e9-af94-a45e60d235db
0,3,Mr. Gerious Youseff,male,45.5,0,0,7.225,a9abe902-91d3-11e9-af94-a45e60d235db
1,3,Mr. Gurshon Cohen,male,18,0,0,8.05,a9abe952-91d3-11e9-af94-a45e60d235db
0,3,Miss. Telma Matilda Strom,female,2,0,1,10.4625,a9abe9ac-91d3-11e9-af94-a45e60d235db
0,3,Mr. Karl Alfred Backstrom,male,32,1,0,15.85,a9abea06-91d3-11e9-af94-a45e60d235db
1,3,Mr. Nassef Cassem Albimona,male,26,0,0,18.7875,a9abea56-91d3-11e9-af94-a45e60d235db
1,3,Miss. Helen Carr,female,16,0,0,7.75,a9abeab0-91d3-11e9-af94-a45e60d235db
1,1,Mr. Henry Blank,male,40,0,0,31,a9abeb00-91d3-11e9-af94-a45e60d235db
0,3,Mr. Ahmed Ali,male,24,0,0,7.05,a9abeb5a-91d3-11e9-af94-a45e60d235db
1,2,Miss. Clear Annie Cameron,female,35,0,0,21,a9abebaa-91d3-11e9-af94-a45e60d235db
0,3,Mr. John Henry Perkin,male,22,0,0,7.25,a9abec04-91d3-11e9-af94-a45e60d235db
0,2,Mr. Hans Kristensen Givard,male,30,0,0,13,a9abec54-91d3-11e9-af94-a45e60d235db
0,3,Mr. Philip Kiernan,male,22,1,0,7.75,a9abecae-91d3-11e9-af94-a45e60d235db
1,1,Miss. Madeleine Newell,female,31,1,0,113.275,a9abecfe-91d3-11e9-af94-a45e60d235db
1,3,Miss. Eliina Honkanen,female,27,0,0,7.925,a9abed58-91d3-11e9-af94-a45e60d235db
0,2,Mr. Sidney Samuel Jacobsohn,male,42,1,0,27,a9abeda8-91d3-11e9-af94-a45e60d235db
1,1,Miss. Albina Bazzani,female,32,0,0,76.2917,a9abee02-91d3-11e9-af94-a45e60d235db
0,2,Mr. Walter Harris,male,30,0,0,10.5,a9abee5c-91d3-11e9-af94-a45e60d235db
1,3,Mr. Victor Francis Sunderland,male,16,0,0,8.05,a9abeeac-91d3-11e9-af94-a45e60d235db
0,2,Mr. James H Bracken,male,27,0,0,13,a9abef06-91d3-11e9-af94-a45e60d235db
0,3,Mr. George Henry Green,male,51,0,0,8.05,a9abef56-91d3-11e9-af94-a45e60d235db
0,3,Mr. Christo Nenkoff,male,22,0,0,7.8958,a9abefb0-91d3-11e9-af94-a45e60d235db
1,1,Mr. Frederick Maxfield Hoyt,male,38,1,0,90,a9abf000-91d3-11e9-af94-a45e60d235db
0,3,Mr. Karl Ivar Sven Berglund,male,22,0,0,9.35,a9abf05a-91d3-11e9-af94-a45e60d235db
1,2,Mr. William John Mellors,male,19,0,0,10.5,a9abf0b4-91d3-11e9-af94-a45e60d235db
0,3,Mr. John Hall Lovell,male,20.5,0,0,7.25,a9abf104-91d3-11e9-af94-a45e60d235db
0,2,Mr. Arne Jonas Fahlstrom,male,18,0,0,13,a9abf15e-91d3-11e9-af94-a45e60d235db
0,3,Miss. Mathilde Lefebre,female,12,3,1,25.4667,a9abf1ae-91d3-11e9-af94-a45e60d235db
1,1,Mrs. Henry Birkhardt (Irene Wallach) Harris,female,35,1,0,83.475,a9abf208-91d3-11e9-af94-a45e60d235db
0,3,Mr. Bengt Edvin Larsson,male,29,0,0,7.775,a9abf262-91d3-11e9-af94-a45e60d235db
0,2,Mr. Ernst Adolf Sjostedt,male,59,0,0,13.5,a9abf2bc-91d3-11e9-af94-a45e60d235db
1,3,Miss. Lillian Gertrud Asplund,female,5,4,2,31.3875,a9abf30c-91d3-11e9-af94-a45e60d235db
0,2,Mr. Robert William Norman Leyson,male,24,0,0,10.5,a9abf366-91d3-11e9-af94-a45e60d235db
0,3,Miss. Alice Phoebe Harknett,female,21,0,0,7.55,a9abf3c0-91d3-11e9-af94-a45e60d235db
0,2,Mr. Stephen Hold,male,44,1,0,26,a9abf41a-91d3-11e9-af94-a45e60d235db
1,2,Miss. Marjorie Collyer,female,8,0,2,26.25,a9abf46a-91d3-11e9-af94-a45e60d235db
0,2,Mr. Frederick William Pengelly,male,19,0,0,10.5,a9abf4c4-91d3-11e9-af94-a45e60d235db
0,2,Mr. George Henry Hunt,male,33,0,0,12.275,a9abf51e-91d3-11e9-af94-a45e60d235db
0,3,Miss. Thamine Zabour,female,19,1,0,14.4542,a9abf56e-91d3-11e9-af94-a45e60d235db
1,3,Miss. Katherine Murphy,female,18,1,0,15.5,a9abf5c8-91d3-11e9-af94-a45e60d235db
0,2,Mr. Reginald Charles Coleridge,male,29,0,0,10.5,a9abf622-91d3-11e9-af94-a45e60d235db
0,3,Mr. Matti Alexanteri Maenpaa,male,22,0,0,7.125,a9abf672-91d3-11e9-af94-a45e60d235db
0,3,Mr. Sleiman Attalah,male,30,0,0,7.225,a9abf6cc-91d3-11e9-af94-a45e60d235db
0,1,Dr. William Edward Minahan,male,44,2,0,90,a9abf726-91d3-11e9-af94-a45e60d235db
0,3,Miss. Agda Thorilda Viktoria Lindahl,female,25,0,0,7.775,a9abf776-91d3-11e9-af94-a45e60d235db
1,2,Mrs. William (Anna) Hamalainen,female,24,0,2,14.5,a9abf7d0-91d3-11e9-af94-a45e60d235db
1,1,Mr. Richard Leonard Beckwith,male,37,1,1,52.5542,a9abf834-91d3-11e9-af94-a45e60d235db
0,2,Rev. Ernest Courtenay Carter,male,54,1,0,26,a9abf88e-91d3-11e9-af94-a45e60d235db
0,3,Mr. James George Reed,male,18,0,0,7.25,a9abf8de-91d3-11e9-af94-a45e60d235db
0,3,Mrs. Wilhelm (Elna Matilda Persson) Strom,female,29,1,1,10.4625,a9abf938-91d3-11e9-af94-a45e60d235db
0,1,Mr. William Thomas Stead,male,62,0,0,26.55,a9abf99c-91d3-11e9-af94-a45e60d235db
0,3,Mr. William Arthur Lobb,male,30,1,0,16.1,a9abf9ec-91d3-11e9-af94-a45e60d235db
0,3,Mrs. Viktor (Helena Wilhelmina) Rosblom,female,41,0,2,20.2125,a9abfa46-91d3-11e9-af94-a45e60d235db
1,3,Mrs. Darwis (Hanne Youssef Razi) Touma,female,29,0,2,15.2458,a9abfaaa-91d3-11e9-af94-a45e60d235db
1,1,Mrs. Gertrude Maybelle Thorne,female,38,0,0,79.2,a9abfb04-91d3-11e9-af94-a45e60d235db
1,1,Miss. Gladys Cherry,female,30,0,0,86.5,a9abfb54-91d3-11e9-af94-a45e60d235db
1,1,Miss. Anna Ward,female,35,0,0,512.3292,a9abfbae-91d3-11e9-af94-a45e60d235db
1,2,Mrs. (Lutie Davis) Parrish,female,50,0,1,26,a9abfc08-91d3-11e9-af94-a45e60d235db
1,3,Master. Edvin Rojj Felix Asplund,male,3,4,2,31.3875,a9abfc58-91d3-11e9-af94-a45e60d235db
0,1,Mr. Emil Taussig,male,52,1,1,79.65,a9abfcb2-91d3-11e9-af94-a45e60d235db
0,1,Mr. William Harrison,male,40,0,0,0,a9abfd0c-91d3-11e9-af94-a45e60d235db
0,3,Miss. Delia Henry,female,21,0,0,7.75,a9abfd5c-91d3-11e9-af94-a45e60d235db
0,2,Mr. David Reeves,male,36,0,0,10.5,a9abfdb6-91d3-11e9-af94-a45e60d235db
0,3,Mr. Ernesti Arvid Panula,male,16,4,1,39.6875,a9abfe06-91d3-11e9-af94-a45e60d235db
1,3,Mr. Ernst Ulrik Persson,male,25,1,0,7.775,a9abfe60-91d3-11e9-af94-a45e60d235db
1,1,Mrs. William Thompson (Edith Junkins) Graham,female,58,0,1,153.4625,a9abfeba-91d3-11e9-af94-a45e60d235db
1,1,Miss. Amelia Bissette,female,35,0,0,135.6333,a9abff14-91d3-11e9-af94-a45e60d235db
0,1,Mr. Alexander Cairns,male,28,0,0,31,a9abff6e-91d3-11e9-af94-a45e60d235db
1,3,Mr. William Henry Tornquist,male,25,0,0,0,a9abffbe-91d3-11e9-af94-a45e60d235db
1,2,Mrs. (Elizabeth Anne Maidment) Mellinger,female,41,0,1,19.5,a9ac0018-91d3-11e9-af94-a45e60d235db
0,1,Mr. Charles H Natsch,male,37,0,1,29.7,a9ac0072-91d3-11e9-af94-a45e60d235db
1,3,Miss. Hanora Healy,female,33,0,0,7.75,a9ac00cc-91d3-11e9-af94-a45e60d235db
1,1,Miss. Kornelia Theodosia Andrews,female,63,1,0,77.9583,a9ac011c-91d3-11e9-af94-a45e60d235db
0,3,Miss. Augusta Charlotta Lindblom,female,45,0,0,7.75,a9ac0176-91d3-11e9-af94-a45e60d235db
0,2,Mr. Francis Parkes,male,21,0,0,0,a9ac01d0-91d3-11e9-af94-a45e60d235db
0,3,Master. Eric Rice,male,7,4,1,29.125,a9ac0220-91d3-11e9-af94-a45e60d235db
1,3,Mrs. Stanton (Rosa Hunt) Abbott,female,35,1,1,20.25,a9ac027a-91d3-11e9-af94-a45e60d235db
0,3,Mr. Frank Duane,male,65,0,0,7.75,a9ac02d4-91d3-11e9-af94-a45e60d235db
0,3,Mr. Nils Johan Goransson Olsson,male,28,0,0,7.8542,a9ac032e-91d3-11e9-af94-a45e60d235db
0,3,Mr. Alfons de Pelsmaeker,male,16,0,0,9.5,a9ac037e-91d3-11e9-af94-a45e60d235db
1,3,Mr. Edward Arthur Dorking,male,19,0,0,8.05,a9ac03d8-91d3-11e9-af94-a45e60d235db
0,1,Mr. Richard William Smith,male,57,0,0,26,a9ac0428-91d3-11e9-af94-a45e60d235db
0,3,Mr. Ivan Stankovic,male,33,0,0,8.6625,a9ac0482-91d3-11e9-af94-a45e60d235db
1,3,Mr. Theodore de Mulder,male,30,0,0,9.5,a9ac054a-91d3-11e9-af94-a45e60d235db
0,3,Mr. Penko Naidenoff,male,22,0,0,7.8958,a9ac05b8-91d3-11e9-af94-a45e60d235db
1,2,Mr. Masabumi Hosono,male,42,0,0,13,a9ac0612-91d3-11e9-af94-a45e60d235db
1,3,Miss. Kate Connolly,female,22,0,0,7.75,a9ac0662-91d3-11e9-af94-a45e60d235db
1,1,Miss. Ellen Barber,female,26,0,0,78.85,a9ac06bc-91d3-11e9-af94-a45e60d235db
1,1,Mrs. Dickinson H (Helen Walton) Bishop,female,19,1,0,91.0792,a9ac0716-91d3-11e9-af94-a45e60d235db
0,2,Mr. Rene Jacques Levy,male,36,0,0,12.875,a9ac0770-91d3-11e9-af94-a45e60d235db
0,3,Miss. Aloisia Haas,female,24,0,0,8.85,a9ac07ca-91d3-11e9-af94-a45e60d235db
0,3,Mr. Ivan Mineff,male,24,0,0,7.8958,a9ac081a-91d3-11e9-af94-a45e60d235db
0,1,Mr. Ervin G Lewy,male,30,0,0,27.7208,a9ac0874-91d3-11e9-af94-a45e60d235db
0,3,Mr. Mansour Hanna,male,23.5,0,0,7.2292,a9ac08c4-91d3-11e9-af94-a45e60d235db
0,1,Miss. Helen Loraine Allison,female,2,1,2,151.55,a9ac091e-91d3-11e9-af94-a45e60d235db
1,1,Mr. Adolphe Saalfeld,male,47,0,0,30.5,a9ac0978-91d3-11e9-af94-a45e60d235db
1,1,Mrs. James (Helene DeLaudeniere Chaput) Baxter,female,50,0,1,247.5208,a9ac09c8-91d3-11e9-af94-a45e60d235db
1,3,Miss. Anna Katherine Kelly,female,20,0,0,7.75,a9ac0a2c-91d3-11e9-af94-a45e60d235db
1,3,Mr. Bernard McCoy,male,24,2,0,23.25,a9ac0a86-91d3-11e9-af94-a45e60d235db
0,3,Mr. William Cahoone Jr Johnson,male,19,0,0,0,a9ac0ad6-91d3-11e9-af94-a45e60d235db
1,2,Miss. Nora A Keane,female,46,0,0,12.35,a9ac0b30-91d3-11e9-af94-a45e60d235db
0,3,Mr. Howard Hugh Williams,male,28,0,0,8.05,a9ac0b80-91d3-11e9-af94-a45e60d235db
1,1,Master. Hudson Trevor Allison,male,0.92,1,2,151.55,a9ac0bda-91d3-11e9-af94-a45e60d235db
1,1,Miss. Margaret Fleming,female,42,0,0,110.8833,a9ac0c34-91d3-11e9-af94-a45e60d235db
1,1,Mrs. Victor de Satode (Maria Josefa Perez de Soto y Vallejo) Penasco y Castellana,female,17,1,0,108.9,a9ac0c8e-91d3-11e9-af94-a45e60d235db
0,2,Mr. Samuel Abelson,male,30,1,0,24,a9ac0cf2-91d3-11e9-af94-a45e60d235db
1,1,Miss. Laura Mabel Francatelli,female,30,0,0,56.9292,a9ac0d4c-91d3-11e9-af94-a45e60d235db
1,1,Miss. Margaret Bechstein Hays,female,24,0,0,83.1583,a9ac0da6-91d3-11e9-af94-a45e60d235db
1,1,Miss. Emily Borie Ryerson,female,18,2,2,262.375,a9ac0e00-91d3-11e9-af94-a45e60d235db
0,2,Mrs. William (Anna Sylfven) Lahtinen,female,26,1,1,26,a9ac0e5a-91d3-11e9-af94-a45e60d235db
0,3,Mr. Ignjac Hendekovic,male,28,0,0,7.8958,a9ac0eb4-91d3-11e9-af94-a45e60d235db
0,2,Mr. Benjamin Hart,male,43,1,1,26.25,a9ac0f04-91d3-11e9-af94-a45e60d235db
1,3,Miss. Helmina Josefina Nilsson,female,26,0,0,7.8542,a9ac0f5e-91d3-11e9-af94-a45e60d235db
1,2,Mrs. Sinai (Miriam Sternin) Kantor,female,24,1,0,26,a9ac0fb8-91d3-11e9-af94-a45e60d235db
0,2,Dr. Ernest Moraweck,male,54,0,0,14,a9ac1008-91d3-11e9-af94-a45e60d235db
1,1,Miss. Mary Natalie Wick,female,31,0,2,164.8667,a9ac1062-91d3-11e9-af94-a45e60d235db
1,1,Mrs. Frederic Oakley (Margaretta Corning Stone) Spedden,female,40,1,1,134.5,a9ac10bc-91d3-11e9-af94-a45e60d235db
0,3,Mr. Samuel Dennis,male,22,0,0,7.25,a9ac1116-91d3-11e9-af94-a45e60d235db
0,3,Mr. Yoto Danoff,male,27,0,0,7.8958,a9ac1170-91d3-11e9-af94-a45e60d235db
1,2,Miss. Hilda Mary Slayter,female,30,0,0,12.35,a9ac11ca-91d3-11e9-af94-a45e60d235db
1,2,Mrs. Albert Francis (Sylvia Mae Harbaugh) Caldwell,female,22,1,1,29,a9ac1224-91d3-11e9-af94-a45e60d235db
0,3,Mr. George John Jr Sage,male,20,8,2,69.55,a9ac127e-91d3-11e9-af94-a45e60d235db
1,1,Miss. Marie Grice Young,female,36,0,0,135.6333,a9ac12d8-91d3-11e9-af94-a45e60d235db
0,3,Mr. Johan Hansen Nysveen,male,61,0,0,6.2375,a9ac1332-91d3-11e9-af94-a45e60d235db
1,2,Mrs. (Ada E Hall) Ball,female,36,0,0,13,a9ac1382-91d3-11e9-af94-a45e60d235db
1,3,Mrs. Frank John (Emily Alice Brown) Goldsmith,female,31,1,1,20.525,a9ac1698-91d3-11e9-af94-a45e60d235db
1,1,Miss. Jean Gertrude Hippach,female,16,0,1,57.9792,a9ac1724-91d3-11e9-af94-a45e60d235db
1,3,Miss. Agnes McCoy,female,28,2,0,23.25,a9ac1788-91d3-11e9-af94-a45e60d235db
0,1,Mr. Austen Partner,male,45.5,0,0,28.5,a9ac17d8-91d3-11e9-af94-a45e60d235db
0,1,Mr. George Edward Graham,male,38,0,1,153.4625,a9ac1832-91d3-11e9-af94-a45e60d235db
0,3,Mr. Leo Edmondus Vander Planke,male,16,2,0,18,a9ac188c-91d3-11e9-af94-a45e60d235db
1,1,Mrs. Henry William (Clara Heinsheimer) Frauenthal,female,42,1,0,133.65,a9ac18f0-91d3-11e9-af94-a45e60d235db
0,3,Mr. Mitto Denkoff,male,30,0,0,7.8958,a9ac1a3a-91d3-11e9-af94-a45e60d235db
0,1,Mr. Thomas Clinton Pears,male,29,1,0,66.6,a9ac1af8-91d3-11e9-af94-a45e60d235db
1,1,Miss. Elizabeth Margaret Burns,female,41,0,0,134.5,a9ac1bac-91d3-11e9-af94-a45e60d235db
1,3,Mr. Karl Edwart Dahl,male,45,0,0,8.05,a9ac1c10-91d3-11e9-af94-a45e60d235db
0,1,Mr. Stephen Weart Blackwell,male,45,0,0,35.5,a9ac1c6a-91d3-11e9-af94-a45e60d235db
1,2,Master. Edmond Roger Navratil,male,2,1,1,26,a9ac1cc4-91d3-11e9-af94-a45e60d235db
1,1,Miss. Alice Elizabeth Fortune,female,24,3,2,263,a9ac1d1e-91d3-11e9-af94-a45e60d235db
0,2,Mr. Erik Gustaf Collander,male,28,0,0,13,a9ac1d78-91d3-11e9-af94-a45e60d235db
0,2,Mr. Charles Frederick Waddington Sedgwick,male,25,0,0,13,a9ac1dc8-91d3-11e9-af94-a45e60d235db
0,2,Mr. Stanley Hubert Fox,male,36,0,0,13,a9ac1e2c-91d3-11e9-af94-a45e60d235db
1,2,Miss. Amelia Brown,female,24,0,0,13,a9ac1eae-91d3-11e9-af94-a45e60d235db
1,2,Miss. Marion Elsie Smith,female,40,0,0,13,a9ac1f12-91d3-11e9-af94-a45e60d235db
1,3,Mrs. Thomas Henry (Mary E Finck) Davison,female,34,1,0,16.1,a9ac1f80-91d3-11e9-af94-a45e60d235db
1,3,Master. William Loch Coutts,male,3,1,1,15.9,a9ac1fda-91d3-11e9-af94-a45e60d235db
0,3,Mr. Jovan Dimic,male,42,0,0,8.6625,a9ac2070-91d3-11e9-af94-a45e60d235db
0,3,Mr. Nils Martin Odahl,male,23,0,0,9.225,a9ac2110-91d3-11e9-af94-a45e60d235db
0,1,Mr. Fletcher Fellows Williams-Lambert,male,43,0,0,35,a9ac21c4-91d3-11e9-af94-a45e60d235db
0,3,Mr. Tannous Elias,male,15,1,1,7.2292,a9ac2264-91d3-11e9-af94-a45e60d235db
0,3,Mr. Josef Arnold-Franchi,male,25,1,0,17.8,a9ac230e-91d3-11e9-af94-a45e60d235db
0,3,Mr. Wazli Yousif,male,23,0,0,7.225,a9ac23ae-91d3-11e9-af94-a45e60d235db
0,3,Mr. Leo Peter Vanden Steen,male,28,0,0,9.5,a9ac2458-91d3-11e9-af94-a45e60d235db
1,1,Miss. Elsie Edith Bowerman,female,22,0,1,55,a9ac24da-91d3-11e9-af94-a45e60d235db
0,2,Miss. Annie Clemmer Funk,female,38,0,0,13,a9ac2534-91d3-11e9-af94-a45e60d235db
1,3,Miss. Mary McGovern,female,22,0,0,7.8792,a9ac258e-91d3-11e9-af94-a45e60d235db
1,3,Miss. Helen Mary Mockler,female,23,0,0,7.8792,a9ac2606-91d3-11e9-af94-a45e60d235db
0,3,Mr. Wilhelm Skoog,male,40,1,4,27.9,a9ac26b0-91d3-11e9-af94-a45e60d235db
0,2,Mr. Sebastiano del Carlo,male,29,1,0,27.7208,a9ac273c-91d3-11e9-af94-a45e60d235db
0,3,Mrs. (Catherine David) Barbara,female,45,0,1,14.4542,a9ac27a0-91d3-11e9-af94-a45e60d235db
0,3,Mr. Adola Asim,male,35,0,0,7.05,a9ac2818-91d3-11e9-af94-a45e60d235db
0,3,Mr. Thomas O'Brien,male,27,1,0,15.5,a9ac289a-91d3-11e9-af94-a45e60d235db
0,3,Mr. Mauritz Nils Martin Adahl,male,30,0,0,7.25,a9ac2908-91d3-11e9-af94-a45e60d235db
1,1,Mrs. Frank Manley (Anna Sophia Atkinson) Warren,female,60,1,0,75.25,a9ac2962-91d3-11e9-af94-a45e60d235db
1,3,Mrs. (Mantoura Boulos) Moussa,female,35,0,0,7.2292,a9ac29f8-91d3-11e9-af94-a45e60d235db
1,3,Miss. Annie Jermyn,female,22,0,0,7.75,a9ac2a52-91d3-11e9-af94-a45e60d235db
1,1,Mme. Leontine Pauline Aubart,female,24,0,0,69.3,a9ac2aac-91d3-11e9-af94-a45e60d235db
1,1,Mr. George Achilles Harder,male,25,1,0,55.4417,a9ac2b06-91d3-11e9-af94-a45e60d235db
0,3,Mr. Jakob Alfred Wiklund,male,18,1,0,6.4958,a9ac2b60-91d3-11e9-af94-a45e60d235db
0,3,Mr. William Thomas Beavan,male,19,0,0,8.05,a9ac2bb0-91d3-11e9-af94-a45e60d235db
0,1,Mr. Sante Ringhini,male,22,0,0,135.6333,a9ac2c0a-91d3-11e9-af94-a45e60d235db
0,3,Miss. Stina Viola Palsson,female,3,3,1,21.075,a9ac2c64-91d3-11e9-af94-a45e60d235db
1,1,Mrs. Edgar Joseph (Leila Saks) Meyer,female,25,1,0,82.1708,a9ac2cbe-91d3-11e9-af94-a45e60d235db
1,3,Miss. Aurora Adelia Landergren,female,22,0,0,7.25,a9ac2d18-91d3-11e9-af94-a45e60d235db
0,1,Mr. Harry Elkins Widener,male,27,0,2,211.5,a9ac2d72-91d3-11e9-af94-a45e60d235db
0,3,Mr. Tannous Betros,male,20,0,0,4.0125,a9ac2dcc-91d3-11e9-af94-a45e60d235db
0,3,Mr. Karl Gideon Gustafsson,male,19,0,0,7.775,a9ac2e1c-91d3-11e9-af94-a45e60d235db
1,1,Miss. Rosalie Bidois,female,42,0,0,227.525,a9ac2f0c-91d3-11e9-af94-a45e60d235db
1,3,Miss. Maria Nakid,female,1,0,2,15.7417,a9ac2f8e-91d3-11e9-af94-a45e60d235db
0,3,Mr. Juho Tikkanen,male,32,0,0,7.925,a9ac2ff2-91d3-11e9-af94-a45e60d235db
1,1,Mrs. Alexander Oskar (Mary Aline Towner) Holverson,female,35,1,0,52,a9ac304c-91d3-11e9-af94-a45e60d235db
0,3,Mr. Vasil Plotcharsky,male,27,0,0,7.8958,a9ac30b0-91d3-11e9-af94-a45e60d235db
0,2,Mr. Charles Henry Davies,male,18,0,0,73.5,a9ac310a-91d3-11e9-af94-a45e60d235db
0,3,Master. Sidney Leonard Goodwin,male,1,5,2,46.9,a9ac3164-91d3-11e9-af94-a45e60d235db
1,2,Miss. Kate Buss,female,36,0,0,13,a9ac31b4-91d3-11e9-af94-a45e60d235db
0,3,Mr. Matthew Sadlier,male,19,0,0,7.7292,a9ac320e-91d3-11e9-af94-a45e60d235db
1,2,Miss. Bertha Lehmann,female,17,0,0,12,a9ac3268-91d3-11e9-af94-a45e60d235db
1,1,Mr. William Ernest Carter,male,36,1,2,120,a9ac32b8-91d3-11e9-af94-a45e60d235db
1,3,Mr. Carl Olof Jansson,male,21,0,0,7.7958,a9ac3312-91d3-11e9-af94-a45e60d235db
0,3,Mr. Johan Birger Gustafsson,male,28,2,0,7.925,a9ac3362-91d3-11e9-af94-a45e60d235db
1,1,Miss. Marjorie Newell,female,23,1,0,113.275,a9ac33bc-91d3-11e9-af94-a45e60d235db
1,3,Mrs. Hjalmar (Agnes Charlotta Bengtsson) Sandstrom,female,24,0,2,16.7,a9ac3416-91d3-11e9-af94-a45e60d235db
0,3,Mr. Erik Johansson,male,22,0,0,7.7958,a9ac347a-91d3-11e9-af94-a45e60d235db
0,3,Miss. Elina Olsson,female,31,0,0,7.8542,a9ac34ca-91d3-11e9-af94-a45e60d235db
0,2,Mr. Peter David McKane,male,46,0,0,26,a9ac3524-91d3-11e9-af94-a45e60d235db
0,2,Dr. Alfred Pain,male,23,0,0,10.5,a9ac3574-91d3-11e9-af94-a45e60d235db
1,2,Mrs. William H (Jessie L) Trout,female,28,0,0,12.65,a9ac35ce-91d3-11e9-af94-a45e60d235db
1,3,Mr. Juha Niskanen,male,39,0,0,7.925,a9ac3628-91d3-11e9-af94-a45e60d235db
0,3,Mr. John Adams,male,26,0,0,8.05,a9ac3678-91d3-11e9-af94-a45e60d235db
0,3,Miss. Mari Aina Jussila,female,21,1,0,9.825,a9ac36c8-91d3-11e9-af94-a45e60d235db
0,3,Mr. Pekka Pietari Hakkarainen,male,28,1,0,15.85,a9ac3722-91d3-11e9-af94-a45e60d235db
0,3,Miss. Marija Oreskovic,female,20,0,0,8.6625,a9ac377c-91d3-11e9-af94-a45e60d235db
0,2,Mr. Shadrach Gale,male,34,1,0,21,a9ac37cc-91d3-11e9-af94-a45e60d235db
0,3,Mr. Carl/Charles Peter Widegren,male,51,0,0,7.75,a9ac3826-91d3-11e9-af94-a45e60d235db
1,2,Master. William Rowe Richards,male,3,1,1,18.75,a9ac3880-91d3-11e9-af94-a45e60d235db
0,3,Mr. Hans Martin Monsen Birkeland,male,21,0,0,7.775,a9ac38da-91d3-11e9-af94-a45e60d235db
0,3,Miss. Ida Lefebre,female,3,3,1,25.4667,a9ac392a-91d3-11e9-af94-a45e60d235db
0,3,Mr. Todor Sdycoff,male,42,0,0,7.8958,a9ac3984-91d3-11e9-af94-a45e60d235db
0,3,Mr. Henry Hart,male,27,0,0,6.8583,a9ac39d4-91d3-11e9-af94-a45e60d235db
1,1,Miss. Daisy E Minahan,female,33,1,0,90,a9ac3a2e-91d3-11e9-af94-a45e60d235db
0,2,Mr. Alfred Fleming Cunningham,male,22,0,0,0,a9ac3a7e-91d3-11e9-af94-a45e60d235db
1,3,Mr. Johan Julian Sundman,male,44,0,0,7.925,a9ac3ad8-91d3-11e9-af94-a45e60d235db
0,3,Mrs. Thomas (Annie Louise Rowley) Meek,female,32,0,0,8.05,a9ac3b32-91d3-11e9-af94-a45e60d235db
1,2,Mrs. James Vivian (Lulu Thorne Christian) Drew,female,34,1,1,32.5,a9ac3b8c-91d3-11e9-af94-a45e60d235db
1,2,Miss. Lyyli Karoliina Silven,female,18,0,2,13,a9ac3bf0-91d3-11e9-af94-a45e60d235db
0,2,Mr. William John Matthews,male,30,0,0,13,a9ac3c40-91d3-11e9-af94-a45e60d235db
0,3,Miss. Catharina Van Impe,female,10,0,2,24.15,a9ac3c9a-91d3-11e9-af94-a45e60d235db
0,3,Mr. David Charters,male,21,0,0,7.7333,a9ac3cf4-91d3-11e9-af94-a45e60d235db
0,3,Mr. Leo Zimmerman,male,29,0,0,7.875,a9ac3d44-91d3-11e9-af94-a45e60d235db
0,3,Mrs. Ernst Gilbert (Anna Sigrid Maria Brogren) Danbom,female,28,1,1,14.4,a9ac3d9e-91d3-11e9-af94-a45e60d235db
0,3,Mr. Viktor Richard Rosblom,male,18,1,1,20.2125,a9ac3e02-91d3-11e9-af94-a45e60d235db
0,3,Mr. Phillippe Wiseman,male,54,0,0,7.25,a9ac3e52-91d3-11e9-af94-a45e60d235db
1,2,Mrs. Charles V (Ada Maria Winfield) Clarke,female,28,1,0,26,a9ac3eac-91d3-11e9-af94-a45e60d235db
1,2,Miss. Kate Florence Phillips,female,19,0,0,26,a9ac3f06-91d3-11e9-af94-a45e60d235db
0,3,Mr. James Flynn,male,28,0,0,7.75,a9ac3f60-91d3-11e9-af94-a45e60d235db
1,3,Mr. Berk (Berk Trembisky) Pickard,male,32,0,0,8.05,a9ac3fba-91d3-11e9-af94-a45e60d235db
1,1,Mr. Mauritz Hakan Bjornstrom-Steffansson,male,28,0,0,26.55,a9ac4014-91d3-11e9-af94-a45e60d235db
1,3,Mrs. Percival (Florence Kate White) Thorneycroft,female,33,1,0,16.1,a9ac4078-91d3-11e9-af94-a45e60d235db
1,2,Mrs. Charles Alexander (Alice Adelaide Slow) Louch,female,42,1,0,26,a9ac40d2-91d3-11e9-af94-a45e60d235db
0,3,Mr. Nikolai Erland Kallio,male,17,0,0,7.125,a9ac412c-91d3-11e9-af94-a45e60d235db
0,1,Mr. William Baird Silvey,male,50,1,0,55.9,a9ac4186-91d3-11e9-af94-a45e60d235db
1,1,Miss. Lucile Polk Carter,female,14,1,2,120,a9ac41d6-91d3-11e9-af94-a45e60d235db
0,3,Miss. Doolina Margaret Ford,female,21,2,2,34.375,a9ac4230-91d3-11e9-af94-a45e60d235db
1,2,Mrs. Sidney (Emily Hocking) Richards,female,24,2,3,18.75,a9ac428a-91d3-11e9-af94-a45e60d235db
0,1,Mr. Mark Fortune,male,64,1,4,263,a9ac42e4-91d3-11e9-af94-a45e60d235db
0,2,Mr. Johan Henrik Johannesson Kvillner,male,31,0,0,10.5,a9ac433e-91d3-11e9-af94-a45e60d235db
1,2,Mrs. Benjamin (Esther Ada Bloomfield) Hart,female,45,1,1,26.25,a9ac4398-91d3-11e9-af94-a45e60d235db
0,3,Mr. Leon Hampe,male,20,0,0,9.5,a9ac43fc-91d3-11e9-af94-a45e60d235db
0,3,Mr. Johan Emil Petterson,male,25,1,0,7.775,a9ac444c-91d3-11e9-af94-a45e60d235db
1,2,Ms. Encarnacion Reynaldo,female,28,0,0,13,a9ac44a6-91d3-11e9-af94-a45e60d235db
1,3,Mr. Bernt Johannesen-Bratthammer,male,29,0,0,8.1125,a9ac44f6-91d3-11e9-af94-a45e60d235db
1,1,Master. Washington Dodge,male,4,0,2,81.8583,a9ac4550-91d3-11e9-af94-a45e60d235db
1,2,Miss. Madeleine Violet Mellinger,female,13,0,1,19.5,a9ac45aa-91d3-11e9-af94-a45e60d235db
1,1,Mr. Frederic Kimber Seward,male,34,0,0,26.55,a9ac4604-91d3-11e9-af94-a45e60d235db
1,3,Miss. Marie Catherine Baclini,female,5,2,1,19.2583,a9ac465e-91d3-11e9-af94-a45e60d235db
1,1,Major. Arthur Godfrey Peuchen,male,52,0,0,30.5,a9ac46b8-91d3-11e9-af94-a45e60d235db
0,2,Mr. Edwy Arthur West,male,36,1,2,27.75,a9ac4708-91d3-11e9-af94-a45e60d235db
0,3,Mr. Ingvald Olai Olsen Hagland,male,28,1,0,19.9667,a9ac4762-91d3-11e9-af94-a45e60d235db
0,1,Mr. Benjamin Laventall Foreman,male,30,0,0,27.75,a9ac47b2-91d3-11e9-af94-a45e60d235db
1,1,Mr. Samuel L Goldenberg,male,49,1,0,89.1042,a9ac480c-91d3-11e9-af94-a45e60d235db
0,3,Mr. Joseph Peduzzi,male,24,0,0,8.05,a9ac4866-91d3-11e9-af94-a45e60d235db
1,3,Mr. Ivan Jalsevac,male,29,0,0,7.8958,a9ac48c0-91d3-11e9-af94-a45e60d235db
0,1,Mr. Francis Davis Millet,male,65,0,0,26.55,a9ac4910-91d3-11e9-af94-a45e60d235db
1,1,Mrs. Frederick R (Marion) Kenyon,female,41,1,0,51.8625,a9ac496a-91d3-11e9-af94-a45e60d235db
1,2,Miss. Ellen Toomey,female,50,0,0,10.5,a9ac49c4-91d3-11e9-af94-a45e60d235db
0,3,Mr. Maurice O'Connor,male,17,0,0,7.75,a9ac4a14-91d3-11e9-af94-a45e60d235db
1,1,Mr. Harry Anderson,male,48,0,0,26.55,a9ac4a64-91d3-11e9-af94-a45e60d235db
0,3,Mr. William Morley,male,34,0,0,8.05,a9ac4abe-91d3-11e9-af94-a45e60d235db
0,1,Mr. Arthur H Gee,male,47,0,0,38.5,a9ac4b0e-91d3-11e9-af94-a45e60d235db
0,2,Mr. Jacob Christian Milling,male,48,0,0,13,a9ac4b5e-91d3-11e9-af94-a45e60d235db
0,3,Mr. Simon Maisner,male,34,0,0,8.05,a9ac4bb8-91d3-11e9-af94-a45e60d235db
0,3,Mr. Manuel Estanslas Goncalves,male,38,0,0,7.05,a9ac4c08-91d3-11e9-af94-a45e60d235db
0,2,Mr. William Campbell,male,21,0,0,0,a9ac4c62-91d3-11e9-af94-a45e60d235db
0,1,Mr. John Montgomery Smart,male,56,0,0,26.55,a9ac4cbc-91d3-11e9-af94-a45e60d235db
0,3,Mr. James Scanlan,male,22,0,0,7.725,a9ac4d0c-91d3-11e9-af94-a45e60d235db
1,3,Miss. Helene Barbara Baclini,female,0.75,2,1,19.2583,a9ac4d66-91d3-11e9-af94-a45e60d235db
0,3,Mr. Arthur Keefe,male,39,0,0,7.25,a9ac4dc0-91d3-11e9-af94-a45e60d235db
0,3,Mr. Luka Cacic,male,38,0,0,8.6625,a9ac4e10-91d3-11e9-af94-a45e60d235db
1,2,Mrs. Edwy Arthur (Ada Mary Worth) West,female,33,1,2,27.75,a9ac4e6a-91d3-11e9-af94-a45e60d235db
1,2,Mrs. Amin S (Marie Marthe Thuillard) Jerwan,female,23,0,0,13.7917,a9ac4ece-91d3-11e9-af94-a45e60d235db
0,3,Miss. Ida Sofia Strandberg,female,22,0,0,9.8375,a9ac4f28-91d3-11e9-af94-a45e60d235db
0,1,Mr. George Quincy Clifford,male,40,0,0,52,a9ac4f82-91d3-11e9-af94-a45e60d235db
0,2,Mr. Peter Henry Renouf,male,34,1,0,21,a9ac504a-91d3-11e9-af94-a45e60d235db
0,3,Mr. Lewis Richard Braund,male,29,1,0,7.0458,a9ac50b8-91d3-11e9-af94-a45e60d235db
0,3,Mr. Nils August Karlsson,male,22,0,0,7.5208,a9ac5112-91d3-11e9-af94-a45e60d235db
1,3,Miss. Hildur E Hirvonen,female,2,0,1,12.2875,a9ac5162-91d3-11e9-af94-a45e60d235db
0,3,Master. Harold Victor Goodwin,male,9,5,2,46.9,a9ac51bc-91d3-11e9-af94-a45e60d235db
0,2,Mr. Anthony Wood Frost,male,37,0,0,0,a9ac5216-91d3-11e9-af94-a45e60d235db
0,3,Mr. Richard Henry Rouse,male,50,0,0,8.05,a9ac5270-91d3-11e9-af94-a45e60d235db
1,3,Mrs. (Hedwig) Turkula,female,63,0,0,9.5875,a9ac52c0-91d3-11e9-af94-a45e60d235db
1,1,Mr. Dickinson H Bishop,male,25,1,0,91.0792,a9ac531a-91d3-11e9-af94-a45e60d235db
0,3,Miss. Jeannie Lefebre,female,8,3,1,25.4667,a9ac5374-91d3-11e9-af94-a45e60d235db
1,1,Mrs. Frederick Maxfield (Jane Anne Forby) Hoyt,female,35,1,0,90,a9ac53ce-91d3-11e9-af94-a45e60d235db
0,1,Mr. Edward Austin Kent,male,58,0,0,29.7,a9ac5428-91d3-11e9-af94-a45e60d235db
0,3,Mr. Francis William Somerton,male,30,0,0,8.05,a9ac5482-91d3-11e9-af94-a45e60d235db
1,3,Master. Eden Leslie Coutts,male,9,1,1,15.9,a9ac54d2-91d3-11e9-af94-a45e60d235db
0,3,Mr. Konrad Mathias Reiersen Hagland,male,19,1,0,19.9667,a9ac552c-91d3-11e9-af94-a45e60d235db
0,3,Mr. Einar Windelov,male,21,0,0,7.25,a9ac5586-91d3-11e9-af94-a45e60d235db
0,1,Mr. Harry Markland Molson,male,55,0,0,30.5,a9ac55d6-91d3-11e9-af94-a45e60d235db
0,1,Mr. Ramon Artagaveytia,male,71,0,0,49.5042,a9ac5748-91d3-11e9-af94-a45e60d235db
0,3,Mr. Edward Roland Stanley,male,21,0,0,8.05,a9ac57c0-91d3-11e9-af94-a45e60d235db
0,3,Mr. Gerious Yousseff,male,26,0,0,14.4583,a9ac581a-91d3-11e9-af94-a45e60d235db
1,1,Miss. Elizabeth Mussey Eustis,female,54,1,0,78.2667,a9ac586a-91d3-11e9-af94-a45e60d235db
0,3,Mr. Frederick William Shellard,male,55,0,0,15.1,a9ac58c4-91d3-11e9-af94-a45e60d235db
0,1,Mrs. Hudson J C (Bessie Waldo Daniels) Allison,female,25,1,2,151.55,a9ac5928-91d3-11e9-af94-a45e60d235db
0,3,Mr. Olof Svensson,male,24,0,0,7.7958,a9ac5982-91d3-11e9-af94-a45e60d235db
0,3,Mr. Petar Calic,male,17,0,0,8.6625,a9ac59d2-91d3-11e9-af94-a45e60d235db
0,3,Miss. Mary Canavan,female,21,0,0,7.75,a9ac5a2c-91d3-11e9-af94-a45e60d235db
0,3,Miss. Bridget Mary O'Sullivan,female,21,0,0,7.6292,a9ac5a86-91d3-11e9-af94-a45e60d235db
0,3,Miss. Kristina Sofia Laitinen,female,37,0,0,9.5875,a9ac5ad6-91d3-11e9-af94-a45e60d235db
1,1,Miss. Roberta Maioni,female,16,0,0,86.5,a9ac5b30-91d3-11e9-af94-a45e60d235db
0,1,Mr. Victor de Satode Penasco y Castellana,male,18,1,0,108.9,a9ac5b8a-91d3-11e9-af94-a45e60d235db
1,2,Mrs. Frederick Charles (Jane Richards) Quick,female,33,0,2,26,a9ac5be4-91d3-11e9-af94-a45e60d235db
1,1,Mr. George Bradley,male,37,0,0,26.55,a9ac5c3e-91d3-11e9-af94-a45e60d235db
0,3,Mr. Henry Margido Olsen,male,28,0,0,22.525,a9ac5c98-91d3-11e9-af94-a45e60d235db
1,3,Mr. Fang Lang,male,26,0,0,56.4958,a9ac5cf2-91d3-11e9-af94-a45e60d235db
1,3,Mr. Eugene Patrick Daly,male,29,0,0,7.75,a9ac5d42-91d3-11e9-af94-a45e60d235db
0,3,Mr. James Webber,male,66,0,0,8.05,a9ac5d92-91d3-11e9-af94-a45e60d235db
1,1,Mr. James Robert McGough,male,36,0,0,26.2875,a9ac5dec-91d3-11e9-af94-a45e60d235db
1,1,Mrs. Martin (Elizabeth L. Barrett) Rothschild,female,54,1,0,59.4,a9ac5e46-91d3-11e9-af94-a45e60d235db
0,3,Mr. Satio Coleff,male,24,0,0,7.4958,a9ac5ea0-91d3-11e9-af94-a45e60d235db
0,1,Mr. William Anderson Walker,male,47,0,0,34.0208,a9ac5efa-91d3-11e9-af94-a45e60d235db
1,2,Mrs. (Amelia Milley) Lemore,female,34,0,0,10.5,a9ac5f4a-91d3-11e9-af94-a45e60d235db
0,3,Mr. Patrick Ryan,male,30,0,0,24.15,a9ac5fa4-91d3-11e9-af94-a45e60d235db
1,2,Mrs. William A (Florence Agnes Hughes) Angle,female,36,1,0,26,a9ac5ffe-91d3-11e9-af94-a45e60d235db
0,3,Mr. Stefo Pavlovic,male,32,0,0,7.8958,a9ac6058-91d3-11e9-af94-a45e60d235db
1,1,Miss. Anne Perreault,female,30,0,0,93.5,a9ac60a8-91d3-11e9-af94-a45e60d235db
0,3,Mr. Janko Vovk,male,22,0,0,7.8958,a9ac6102-91d3-11e9-af94-a45e60d235db
0,3,Mr. Sarkis Lahoud,male,35,0,0,7.225,a9ac6152-91d3-11e9-af94-a45e60d235db
1,1,Mrs. Louis Albert (Ida Sophia Fischer) Hippach,female,44,0,1,57.9792,a9ac61ac-91d3-11e9-af94-a45e60d235db
0,3,Mr. Fared Kassem,male,18,0,0,7.2292,a9ac6206-91d3-11e9-af94-a45e60d235db
0,3,Mr. James Farrell,male,40.5,0,0,7.75,a9ac6256-91d3-11e9-af94-a45e60d235db
1,2,Miss. Lucy Ridsdale,female,50,0,0,10.5,a9ac62b0-91d3-11e9-af94-a45e60d235db
0,1,Mr. John Farthing,male,49,0,0,221.7792,a9ac630a-91d3-11e9-af94-a45e60d235db
0,3,Mr. Johan Werner Salonen,male,39,0,0,7.925,a9ac635a-91d3-11e9-af94-a45e60d235db
0,2,Mr. Richard George Hocking,male,23,2,1,11.5,a9ac63b4-91d3-11e9-af94-a45e60d235db
1,2,Miss. Phyllis May Quick,female,2,1,1,26,a9ac6404-91d3-11e9-af94-a45e60d235db
0,3,Mr. Nakli Toufik,male,17,0,0,7.2292,a9ac645e-91d3-11e9-af94-a45e60d235db
0,3,Mr. Joseph Jr Elias,male,17,1,1,7.2292,a9ac64ae-91d3-11e9-af94-a45e60d235db
1,3,Mrs. Catherine (Catherine Rizk) Peter,female,24,0,2,22.3583,a9ac6508-91d3-11e9-af94-a45e60d235db
0,3,Miss. Marija Cacic,female,30,0,0,8.6625,a9ac6562-91d3-11e9-af94-a45e60d235db
1,2,Miss. Eva Miriam Hart,female,7,0,2,26.25,a9ac65bc-91d3-11e9-af94-a45e60d235db
0,1,Major. Archibald Willingham Butt,male,45,0,0,26.55,a9ac6616-91d3-11e9-af94-a45e60d235db
1,1,Miss. Bertha LeRoy,female,30,0,0,106.425,a9ac6670-91d3-11e9-af94-a45e60d235db
0,3,Mr. Samuel Beard Risien,male,69,0,0,14.5,a9ac66c0-91d3-11e9-af94-a45e60d235db
1,1,Miss. Hedwig Margaritha Frolicher,female,22,0,2,49.5,a9ac671a-91d3-11e9-af94-a45e60d235db
1,1,Miss. Harriet R Crosby,female,36,0,2,71,a9ac6774-91d3-11e9-af94-a45e60d235db
0,3,Miss. Ingeborg Constanzia Andersson,female,9,4,2,31.275,a9ac67ce-91d3-11e9-af94-a45e60d235db
0,3,Miss. Sigrid Elisabeth Andersson,female,11,4,2,31.275,a9ac6828-91d3-11e9-af94-a45e60d235db
1,2,Mr. Edward Beane,male,32,1,0,26,a9ac6882-91d3-11e9-af94-a45e60d235db
0,1,Mr. Walter Donald Douglas,male,50,1,0,106.425,a9ac68d2-91d3-11e9-af94-a45e60d235db
0,1,Mr. Arthur Ernest Nicholson,male,64,0,0,26,a9ac692c-91d3-11e9-af94-a45e60d235db
1,2,Mrs. Edward (Ethel Clarke) Beane,female,19,1,0,26,a9ac697c-91d3-11e9-af94-a45e60d235db
1,2,Mr. Julian Padro y Manent,male,27,0,0,13.8625,a9ac69d6-91d3-11e9-af94-a45e60d235db
0,3,Mr. Frank John Goldsmith,male,33,1,1,20.525,a9ac6a30-91d3-11e9-af94-a45e60d235db
1,2,Master. John Morgan Jr Davies,male,8,1,1,36.75,a9ac6a8a-91d3-11e9-af94-a45e60d235db
1,1,Mr. John Borland Jr Thayer,male,17,0,2,110.8833,a9ac6ae4-91d3-11e9-af94-a45e60d235db
0,2,Mr. Percival James R Sharp,male,27,0,0,26,a9ac6b3e-91d3-11e9-af94-a45e60d235db
0,3,Mr. Timothy O'Brien,male,21,0,0,7.8292,a9ac6b98-91d3-11e9-af94-a45e60d235db
1,3,Mr. Fahim Leeni,male,22,0,0,7.225,a9ac6be8-91d3-11e9-af94-a45e60d235db
1,3,Miss. Velin Ohman,female,22,0,0,7.775,a9ac6c42-91d3-11e9-af94-a45e60d235db
0,1,Mr. George Wright,male,62,0,0,26.55,a9ac6c92-91d3-11e9-af94-a45e60d235db
1,1,Lady. (Lucille Christiana Sutherland)Duff Gordon,female,48,1,0,39.6,a9ac6cec-91d3-11e9-af94-a45e60d235db
0,1,Mr. Victor Robbins,male,45,0,0,227.525,a9ac6d46-91d3-11e9-af94-a45e60d235db
1,1,Mrs. Emil (Tillie Mandelbaum) Taussig,female,39,1,1,79.65,a9ac6da0-91d3-11e9-af94-a45e60d235db
1,3,Mrs. Guillaume Joseph (Emma) de Messemaeker,female,36,1,0,17.4,a9ac6dfa-91d3-11e9-af94-a45e60d235db
0,3,Mr. Thomas Rowan Morrow,male,30,0,0,7.75,a9ac6e54-91d3-11e9-af94-a45e60d235db
0,3,Mr. Husein Sivic,male,40,0,0,7.8958,a9ac6eae-91d3-11e9-af94-a45e60d235db
0,2,Mr. Robert Douglas Norman,male,28,0,0,13.5,a9ac6efe-91d3-11e9-af94-a45e60d235db
0,3,Mr. John Simmons,male,40,0,0,8.05,a9ac6f58-91d3-11e9-af94-a45e60d235db
0,3,Miss. (Marion Ogden) Meanwell,female,62,0,0,8.05,a9ac6fa8-91d3-11e9-af94-a45e60d235db
0,3,Mr. Alfred J Davies,male,24,2,0,24.15,a9ac7002-91d3-11e9-af94-a45e60d235db
0,3,Mr. Ilia Stoytcheff,male,19,0,0,7.8958,a9ac705c-91d3-11e9-af94-a45e60d235db
0,3,Mrs. Nils (Alma Cornelia Berglund) Palsson,female,29,0,4,21.075,a9ac70b6-91d3-11e9-af94-a45e60d235db
0,3,Mr. Tannous Doharr,male,28,0,0,7.2292,a9ac7110-91d3-11e9-af94-a45e60d235db
1,3,Mr. Carl Jonsson,male,32,0,0,7.8542,a9ac7160-91d3-11e9-af94-a45e60d235db
1,2,Mr. George Harris,male,62,0,0,10.5,a9ac71b0-91d3-11e9-af94-a45e60d235db
1,1,Mrs. Edward Dale (Charlotte Lamson) Appleton,female,53,2,0,51.4792,a9ac7282-91d3-11e9-af94-a45e60d235db
1,1,Mr. John Irwin Flynn,male,36,0,0,26.3875,a9ac72fa-91d3-11e9-af94-a45e60d235db
1,3,Miss. Mary Kelly,female,22,0,0,7.75,a9ac7354-91d3-11e9-af94-a45e60d235db
0,3,Mr. Alfred George John Rush,male,16,0,0,8.05,a9ac73ae-91d3-11e9-af94-a45e60d235db
0,3,Mr. George Patchett,male,19,0,0,14.5,a9ac73fe-91d3-11e9-af94-a45e60d235db
1,2,Miss. Ethel Garside,female,34,0,0,13,a9ac7458-91d3-11e9-af94-a45e60d235db
1,1,Mrs. William Baird (Alice Munger) Silvey,female,39,1,0,55.9,a9ac74b2-91d3-11e9-af94-a45e60d235db
0,3,Mrs. Joseph (Maria Elias) Caram,female,18,1,0,14.4583,a9ac750c-91d3-11e9-af94-a45e60d235db
1,3,Mr. Eiriik Jussila,male,32,0,0,7.925,a9ac7566-91d3-11e9-af94-a45e60d235db
1,2,Miss. Julie Rachel Christy,female,25,1,1,30,a9ac75c0-91d3-11e9-af94-a45e60d235db
1,1,Mrs. John Borland (Marian Longstreth Morris) Thayer,female,39,1,1,110.8833,a9ac761a-91d3-11e9-af94-a45e60d235db
0,2,Mr. William James Downton,male,54,0,0,26,a9ac767e-91d3-11e9-af94-a45e60d235db
0,1,Mr. John Hugo Ross,male,36,0,0,40.125,a9ac76ce-91d3-11e9-af94-a45e60d235db
0,3,Mr. Uscher Paulner,male,16,0,0,8.7125,a9ac7728-91d3-11e9-af94-a45e60d235db
1,1,Miss. Ruth Taussig,female,18,0,2,79.65,a9ac7778-91d3-11e9-af94-a45e60d235db
0,2,Mr. John Denzil Jarvis,male,47,0,0,15,a9ac77c8-91d3-11e9-af94-a45e60d235db
1,1,Mr. Maxmillian Frolicher-Stehli,male,60,1,1,79.2,a9ac7822-91d3-11e9-af94-a45e60d235db
0,3,Mr. Eliezer Gilinski,male,22,0,0,8.05,a9ac787c-91d3-11e9-af94-a45e60d235db
0,3,Mr. Joseph Murdlin,male,22,0,0,8.05,a9ac78cc-91d3-11e9-af94-a45e60d235db
0,3,Mr. Matti Rintamaki,male,35,0,0,7.125,a9ac7926-91d3-11e9-af94-a45e60d235db
1,1,Mrs. Walter Bertram (Martha Eustis) Stephenson,female,52,1,0,78.2667,a9ac7976-91d3-11e9-af94-a45e60d235db
0,3,Mr. William James Elsbury,male,47,0,0,7.25,a9ac79d0-91d3-11e9-af94-a45e60d235db
0,3,Miss. Mary Bourke,female,40,0,2,7.75,a9ac7a2a-91d3-11e9-af94-a45e60d235db
0,2,Mr. John Henry Chapman,male,37,1,0,26,a9ac7a7a-91d3-11e9-af94-a45e60d235db
0,3,Mr. Jean Baptiste Van Impe,male,36,1,1,24.15,a9ac7ad4-91d3-11e9-af94-a45e60d235db
1,2,Miss. Jessie Wills Leitch,female,31,0,0,33,a9ac7b2e-91d3-11e9-af94-a45e60d235db
0,3,Mr. Alfred Johnson,male,49,0,0,0,a9ac7b7e-91d3-11e9-af94-a45e60d235db
0,3,Mr. Hanna Boulos,male,18,0,0,7.225,a9ac7bd8-91d3-11e9-af94-a45e60d235db
1,1,Sir. Cosmo Edmund Duff Gordon,male,49,1,0,56.9292,a9ac7c28-91d3-11e9-af94-a45e60d235db
1,2,Mrs. Sidney Samuel (Amy Frances Christy) Jacobsohn,female,24,2,1,27,a9ac7c82-91d3-11e9-af94-a45e60d235db
0,3,Mr. Petco Slabenoff,male,42,0,0,7.8958,a9ac7cdc-91d3-11e9-af94-a45e60d235db
0,1,Mr. Charles H Harrington,male,37,0,0,42.4,a9ac7d36-91d3-11e9-af94-a45e60d235db
0,3,Mr. Ernst William Torber,male,44,0,0,8.05,a9ac7d86-91d3-11e9-af94-a45e60d235db
1,1,Mr. Harry Homer,male,35,0,0,26.55,a9ac7dd6-91d3-11e9-af94-a45e60d235db
0,3,Mr. Edvard Bengtsson Lindell,male,36,1,0,15.55,a9ac7e30-91d3-11e9-af94-a45e60d235db
0,3,Mr. Milan Karaic,male,30,0,0,7.8958,a9ac7e80-91d3-11e9-af94-a45e60d235db
1,1,Mr. Robert Williams Daniel,male,27,0,0,30.5,a9ac7eda-91d3-11e9-af94-a45e60d235db
1,2,Mrs. Joseph (Juliette Marie Louise Lafargue) Laroche,female,22,1,2,41.5792,a9ac7f34-91d3-11e9-af94-a45e60d235db
1,1,Miss. Elizabeth W Shutes,female,40,0,0,153.4625,a9ac7f98-91d3-11e9-af94-a45e60d235db
0,3,Mrs. Anders Johan (Alfrida Konstantia Brogren) Andersson,female,39,1,5,31.275,a9ac7ff2-91d3-11e9-af94-a45e60d235db
0,3,Mr. Jose Neto Jardin,male,21,0,0,7.05,a9ac807e-91d3-11e9-af94-a45e60d235db
1,3,Miss. Margaret Jane Murphy,female,18,1,0,15.5,a9ac80e2-91d3-11e9-af94-a45e60d235db
0,3,Mr. John Horgan,male,22,0,0,7.75,a9ac813c-91d3-11e9-af94-a45e60d235db
0,3,Mr. William Alfred Brocklebank,male,35,0,0,8.05,a9ac8196-91d3-11e9-af94-a45e60d235db
1,2,Miss. Alice Herman,female,24,1,2,65,a9ac81f0-91d3-11e9-af94-a45e60d235db
0,3,Mr. Ernst Gilbert Danbom,male,34,1,1,14.4,a9ac8240-91d3-11e9-af94-a45e60d235db
0,3,Mrs. William Arthur (Cordelia K Stanlick) Lobb,female,26,1,0,16.1,a9ac829a-91d3-11e9-af94-a45e60d235db
1,2,Miss. Marion Louise Becker,female,4,2,1,39,a9ac82f4-91d3-11e9-af94-a45e60d235db
0,2,Mr. Lawrence Gavey,male,26,0,0,10.5,a9ac834e-91d3-11e9-af94-a45e60d235db
0,3,Mr. Antoni Yasbeck,male,27,1,0,14.4542,a9ac83a8-91d3-11e9-af94-a45e60d235db
1,1,Mr. Edwin Nelson Jr Kimball,male,42,1,0,52.5542,a9ac83f8-91d3-11e9-af94-a45e60d235db
1,3,Mr. Sahid Nakid,male,20,1,1,15.7417,a9ac8452-91d3-11e9-af94-a45e60d235db
0,3,Mr. Henry Damsgaard Hansen,male,21,0,0,7.8542,a9ac84a2-91d3-11e9-af94-a45e60d235db
0,3,Mr. David John Bowen,male,21,0,0,16.1,a9ac84fc-91d3-11e9-af94-a45e60d235db
0,1,Mr. Frederick Sutton,male,61,0,0,32.3208,a9ac854c-91d3-11e9-af94-a45e60d235db
0,2,Rev. Charles Leonard Kirkland,male,57,0,0,12.35,a9ac85a6-91d3-11e9-af94-a45e60d235db
1,1,Miss. Gretchen Fiske Longley,female,21,0,0,77.9583,a9ac8600-91d3-11e9-af94-a45e60d235db
0,3,Mr. Guentcho Bostandyeff,male,26,0,0,7.8958,a9ac865a-91d3-11e9-af94-a45e60d235db
0,3,Mr. Patrick D O'Connell,male,18,0,0,7.7333,a9ac86aa-91d3-11e9-af94-a45e60d235db
1,1,Mr. Algernon Henry Wilson Barkworth,male,80,0,0,30,a9ac870e-91d3-11e9-af94-a45e60d235db
0,3,Mr. Johan Svensson Lundahl,male,51,0,0,7.0542,a9ac875e-91d3-11e9-af94-a45e60d235db
1,1,Dr. Max Stahelin-Maeglin,male,32,0,0,30.5,a9ac87b8-91d3-11e9-af94-a45e60d235db
0,1,Mr. William Henry Marsh Parr,male,30,0,0,0,a9ac8812-91d3-11e9-af94-a45e60d235db
0,3,Miss. Mabel Skoog,female,9,3,2,27.9,a9ac8862-91d3-11e9-af94-a45e60d235db
1,2,Miss. Mary Davis,female,28,0,0,13,a9ac88bc-91d3-11e9-af94-a45e60d235db
0,3,Mr. Antti Gustaf Leinonen,male,32,0,0,7.925,a9ac890c-91d3-11e9-af94-a45e60d235db
0,2,Mr. Harvey Collyer,male,31,1,1,26.25,a9ac8966-91d3-11e9-af94-a45e60d235db
0,3,Mrs. Juha (Maria Emilia Ojala) Panula,female,41,0,5,39.6875,a9ac89b6-91d3-11e9-af94-a45e60d235db
0,3,Mr. Percival Thorneycroft,male,37,1,0,16.1,a9ac8a10-91d3-11e9-af94-a45e60d235db
0,3,Mr. Hans Peder Jensen,male,20,0,0,7.8542,a9ac8a6a-91d3-11e9-af94-a45e60d235db
1,1,Mlle. Emma Sagesser,female,24,0,0,69.3,a9ac8aba-91d3-11e9-af94-a45e60d235db
0,3,Miss. Margit Elizabeth Skoog,female,2,3,2,27.9,a9ac8b14-91d3-11e9-af94-a45e60d235db
1,3,Mr. Choong Foo,male,32,0,0,56.4958,a9ac8b6e-91d3-11e9-af94-a45e60d235db
1,3,Miss. Eugenie Baclini,female,0.75,2,1,19.2583,a9ac8bc8-91d3-11e9-af94-a45e60d235db
1,1,Mr. Henry Sleeper Harper,male,48,1,0,76.7292,a9ac8c18-91d3-11e9-af94-a45e60d235db
0,3,Mr. Liudevit Cor,male,19,0,0,7.8958,a9ac8c72-91d3-11e9-af94-a45e60d235db
1,1,Col. Oberst Alfons Simonius-Blumer,male,56,0,0,35.5,a9ac8cc2-91d3-11e9-af94-a45e60d235db
0,3,Mr. Edward Willey,male,21,0,0,7.55,a9ac8d1c-91d3-11e9-af94-a45e60d235db
1,3,Miss. Amy Zillah Elsie Stanley,female,23,0,0,7.55,a9ac8d76-91d3-11e9-af94-a45e60d235db
0,3,Mr. Mito Mitkoff,male,23,0,0,7.8958,a9ac8dd0-91d3-11e9-af94-a45e60d235db
1,2,Miss. Elsie Doling,female,18,0,1,23,a9ac8e20-91d3-11e9-af94-a45e60d235db
0,3,Mr. Johannes Halvorsen Kalvik,male,21,0,0,8.4333,a9ac8e7a-91d3-11e9-af94-a45e60d235db
1,3,Miss. Hanora O'Leary,female,16,0,0,7.8292,a9ac8eca-91d3-11e9-af94-a45e60d235db
0,3,Miss. Hanora Hegarty,female,18,0,0,6.75,a9ac8f24-91d3-11e9-af94-a45e60d235db
0,2,Mr. Leonard Mark Hickman,male,24,2,0,73.5,a9ac8f7e-91d3-11e9-af94-a45e60d235db
0,3,Mr. Alexander Radeff,male,27,0,0,7.8958,a9ac8fce-91d3-11e9-af94-a45e60d235db
0,3,Mrs. John (Catherine) Bourke,female,32,1,1,15.5,a9ac9028-91d3-11e9-af94-a45e60d235db
0,2,Mr. George Floyd Eitemiller,male,23,0,0,13,a9ac9078-91d3-11e9-af94-a45e60d235db
0,1,Mr. Arthur Webster Newell,male,58,0,2,113.275,a9ac932a-91d3-11e9-af94-a45e60d235db
1,1,Dr. Henry William Frauenthal,male,50,2,0,133.65,a9ac9456-91d3-11e9-af94-a45e60d235db
0,3,Mr. Mohamed Badt,male,40,0,0,7.225,a9ac955a-91d3-11e9-af94-a45e60d235db
0,1,Mr. Edward Pomeroy Colley,male,47,0,0,25.5875,a9ac95d2-91d3-11e9-af94-a45e60d235db
0,3,Mr. Peju Coleff,male,36,0,0,7.4958,a9ac9636-91d3-11e9-af94-a45e60d235db
1,3,Mr. Eino William Lindqvist,male,20,1,0,7.925,a9ac9690-91d3-11e9-af94-a45e60d235db
0,2,Mr. Lewis Hickman,male,32,2,0,73.5,a9ac96ea-91d3-11e9-af94-a45e60d235db
0,2,Mr. Reginald Fenton Butler,male,25,0,0,13,a9ac9744-91d3-11e9-af94-a45e60d235db
0,3,Mr. Knud Paust Rommetvedt,male,49,0,0,7.775,a9ac985c-91d3-11e9-af94-a45e60d235db
0,3,Mr. Jacob Cook,male,43,0,0,8.05,a9ac98d4-91d3-11e9-af94-a45e60d235db
1,1,Mrs. Elmer Zebley (Juliet Cummins Wright) Taylor,female,48,1,0,52,a9ac992e-91d3-11e9-af94-a45e60d235db
1,2,Mrs. Thomas William Solomon (Elizabeth Catherine Ford) Brown,female,40,1,1,39,a9ac9992-91d3-11e9-af94-a45e60d235db
0,1,Mr. Thornton Davidson,male,31,1,0,52,a9ac99ec-91d3-11e9-af94-a45e60d235db
0,2,Mr. Henry Michael Mitchell,male,70,0,0,10.5,a9ac9a46-91d3-11e9-af94-a45e60d235db
1,2,Mr. Charles Wilhelms,male,31,0,0,13,a9ac9a96-91d3-11e9-af94-a45e60d235db
0,2,Mr. Ennis Hastings Watson,male,19,0,0,0,a9ac9af0-91d3-11e9-af94-a45e60d235db
0,3,Mr. Gustaf Hjalmar Edvardsson,male,18,0,0,7.775,a9ac9b40-91d3-11e9-af94-a45e60d235db
0,3,Mr. Frederick Charles Sawyer,male,24.5,0,0,8.05,a9ac9b9a-91d3-11e9-af94-a45e60d235db
1,3,Miss. Anna Sofia Turja,female,18,0,0,9.8417,a9ac9bf4-91d3-11e9-af94-a45e60d235db
0,3,Mrs. Frederick (Augusta Tyler) Goodwin,female,43,1,6,46.9,a9ac9c4e-91d3-11e9-af94-a45e60d235db
1,1,Mr. Thomas Drake Martinez Cardeza,male,36,0,1,512.3292,a9ac9ca8-91d3-11e9-af94-a45e60d235db
0,3,Miss. Katie Peters,female,28,0,0,8.1375,a9ac9d02-91d3-11e9-af94-a45e60d235db
1,1,Mr. Hammad Hassab,male,27,0,0,76.7292,a9ac9d5c-91d3-11e9-af94-a45e60d235db
0,3,Mr. Thor Anderson Olsvigen,male,20,0,0,9.225,a9ac9dac-91d3-11e9-af94-a45e60d235db
0,3,Mr. Charles Edward Goodwin,male,14,5,2,46.9,a9ac9dfc-91d3-11e9-af94-a45e60d235db
0,2,Mr. Thomas William Solomon Brown,male,60,1,1,39,a9ac9e56-91d3-11e9-af94-a45e60d235db
0,2,Mr. Joseph Philippe Lemercier Laroche,male,25,1,2,41.5792,a9ac9eb0-91d3-11e9-af94-a45e60d235db
0,3,Mr. Jaako Arnold Panula,male,14,4,1,39.6875,a9ac9f0a-91d3-11e9-af94-a45e60d235db
0,3,Mr. Branko Dakic,male,19,0,0,10.1708,a9ac9f64-91d3-11e9-af94-a45e60d235db
0,3,Mr. Eberhard Thelander Fischer,male,18,0,0,7.7958,a9ac9fb4-91d3-11e9-af94-a45e60d235db
1,1,Miss. Georgette Alexandra Madill,female,15,0,1,211.3375,a9aca00e-91d3-11e9-af94-a45e60d235db
1,1,Mr. Albert Adrian Dick,male,31,1,0,57,a9aca068-91d3-11e9-af94-a45e60d235db
1,3,Miss. Manca Karun,female,4,0,1,13.4167,a9aca0b8-91d3-11e9-af94-a45e60d235db
1,3,Mr. Ali Lam,male,37,0,0,56.4958,a9aca112-91d3-11e9-af94-a45e60d235db
0,3,Mr. Khalil Saad,male,25,0,0,7.225,a9aca162-91d3-11e9-af94-a45e60d235db
0,1,Col. John Weir,male,60,0,0,26.55,a9aca1b2-91d3-11e9-af94-a45e60d235db
0,2,Mr. Charles Henry Chapman,male,52,0,0,13.5,a9aca202-91d3-11e9-af94-a45e60d235db
0,3,Mr. James Kelly,male,44,0,0,8.05,a9aca25c-91d3-11e9-af94-a45e60d235db
1,3,Miss. Katherine Mullens,female,19,0,0,7.7333,a9aca2ac-91d3-11e9-af94-a45e60d235db
0,1,Mr. John Borland Thayer,male,49,1,1,110.8833,a9aca306-91d3-11e9-af94-a45e60d235db
0,3,Mr. Adolf Mathias Nicolai Olsen Humblen,male,42,0,0,7.65,a9aca360-91d3-11e9-af94-a45e60d235db
1,1,Mrs. John Jacob (Madeleine Talmadge Force) Astor,female,18,1,0,227.525,a9aca3ba-91d3-11e9-af94-a45e60d235db
1,1,Mr. Spencer Victor Silverthorne,male,35,0,0,26.2875,a9aca414-91d3-11e9-af94-a45e60d235db
0,3,Miss. Saiide Barbara,female,18,0,1,14.4542,a9aca46e-91d3-11e9-af94-a45e60d235db
0,3,Mr. Martin Gallagher,male,25,0,0,7.7417,a9aca4c8-91d3-11e9-af94-a45e60d235db
0,3,Mr. Henrik Juul Hansen,male,26,1,0,7.8542,a9aca518-91d3-11e9-af94-a45e60d235db
0,2,Mr. Henry Samuel Morley,male,39,0,0,26,a9aca572-91d3-11e9-af94-a45e60d235db
1,2,Mrs. Florence Kelly,female,45,0,0,13.5,a9aca5c2-91d3-11e9-af94-a45e60d235db
1,1,Mr. Edward Pennington Calderhead,male,42,0,0,26.2875,a9aca61c-91d3-11e9-af94-a45e60d235db
1,1,Miss. Alice Cleaver,female,22,0,0,151.55,a9aca66c-91d3-11e9-af94-a45e60d235db
1,3,Master. Halim Gonios Moubarek,male,4,1,1,15.2458,a9aca6c6-91d3-11e9-af94-a45e60d235db
1,1,Mlle. Berthe Antonine Mayne,female,24,0,0,49.5042,a9aca720-91d3-11e9-af94-a45e60d235db
0,1,Mr. Herman Klaber,male,41,0,0,26.55,a9aca770-91d3-11e9-af94-a45e60d235db
1,1,Mr. Elmer Zebley Taylor,male,48,1,0,52,a9aca7ca-91d3-11e9-af94-a45e60d235db
0,3,Mr. August Viktor Larsson,male,29,0,0,9.4833,a9aca81a-91d3-11e9-af94-a45e60d235db
0,2,Mr. Samuel Greenberg,male,52,0,0,13,a9aca874-91d3-11e9-af94-a45e60d235db
0,3,Mr. Peter Andreas Lauritz Andersen Soholt,male,19,0,0,7.65,a9aca8c4-91d3-11e9-af94-a45e60d235db
1,1,Miss. Caroline Louise Endres,female,38,0,0,227.525,a9aca91e-91d3-11e9-af94-a45e60d235db
1,2,Miss. Edwina Celia Troutt,female,27,0,0,10.5,a9aca978-91d3-11e9-af94-a45e60d235db
0,3,Mr. Malkolm Joackim Johnson,male,33,0,0,7.775,a9aca9d2-91d3-11e9-af94-a45e60d235db
1,2,Miss. Annie Jessie Harper,female,6,0,1,33,a9acaa22-91d3-11e9-af94-a45e60d235db
0,3,Mr. Svend Lauritz Jensen,male,17,1,0,7.0542,a9acaa7c-91d3-11e9-af94-a45e60d235db
0,2,Mr. William Henry Gillespie,male,34,0,0,13,a9acaacc-91d3-11e9-af94-a45e60d235db
0,2,Mr. Henry Price Hodges,male,50,0,0,13,a9acab26-91d3-11e9-af94-a45e60d235db
1,1,Mr. Norman Campbell Chambers,male,27,1,0,53.1,a9acab76-91d3-11e9-af94-a45e60d235db
0,3,Mr. Luka Oreskovic,male,20,0,0,8.6625,a9acabd0-91d3-11e9-af94-a45e60d235db
1,2,Mrs. Peter Henry (Lillian Jefferys) Renouf,female,30,3,0,21,a9acac2a-91d3-11e9-af94-a45e60d235db
1,3,Miss. Margareth Mannion,female,28,0,0,7.7375,a9acac84-91d3-11e9-af94-a45e60d235db
0,2,Mr. Kurt Arnold Gottfrid Bryhl,male,25,1,0,26,a9acacde-91d3-11e9-af94-a45e60d235db
0,3,Miss. Pieta Sofia Ilmakangas,female,25,1,0,7.925,a9acad38-91d3-11e9-af94-a45e60d235db
1,1,Miss. Elisabeth Walton Allen,female,29,0,0,211.3375,a9acad92-91d3-11e9-af94-a45e60d235db
0,3,Mr. Houssein G N Hassan,male,11,0,0,18.7875,a9acadec-91d3-11e9-af94-a45e60d235db
0,2,Mr. Robert J Knight,male,41,0,0,0,a9acae3c-91d3-11e9-af94-a45e60d235db
0,2,Mr. William John Berriman,male,23,0,0,13,a9acae8c-91d3-11e9-af94-a45e60d235db
0,2,Mr. Moses Aaron Troupiansky,male,23,0,0,13,a9acaee6-91d3-11e9-af94-a45e60d235db
0,3,Mr. Leslie Williams,male,28.5,0,0,16.1,a9acaf40-91d3-11e9-af94-a45e60d235db
0,3,Mrs. Edward (Margaret Ann Watson) Ford,female,48,1,3,34.375,a9acaf90-91d3-11e9-af94-a45e60d235db
1,1,Mr. Gustave J Lesurer,male,35,0,0,512.3292,a9acafea-91d3-11e9-af94-a45e60d235db
0,3,Mr. Kanio Ivanoff,male,20,0,0,7.8958,a9acb044-91d3-11e9-af94-a45e60d235db
0,3,Mr. Minko Nankoff,male,32,0,0,7.8958,a9acb094-91d3-11e9-af94-a45e60d235db
1,1,Mr. Walter James Hawksford,male,45,0,0,30,a9acb0ee-91d3-11e9-af94-a45e60d235db
0,1,Mr. Tyrell William Cavendish,male,36,1,0,78.85,a9acb148-91d3-11e9-af94-a45e60d235db
1,1,Miss. Susan Parker Ryerson,female,21,2,2,262.375,a9acb1a2-91d3-11e9-af94-a45e60d235db
0,3,Mr. Neal McNamee,male,24,1,0,16.1,a9acb1fc-91d3-11e9-af94-a45e60d235db
1,3,Mr. Juho Stranden,male,31,0,0,7.925,a9acb24c-91d3-11e9-af94-a45e60d235db
0,1,Capt. Edward Gifford Crosby,male,70,1,1,71,a9acb2a6-91d3-11e9-af94-a45e60d235db
0,3,Mr. Rossmore Edward Abbott,male,16,1,1,20.25,a9acb2f6-91d3-11e9-af94-a45e60d235db
1,2,Miss. Anna Sinkkonen,female,30,0,0,13,a9acb350-91d3-11e9-af94-a45e60d235db
0,1,Mr. Daniel Warner Marvin,male,19,1,0,53.1,a9acb3a0-91d3-11e9-af94-a45e60d235db
0,3,Mr. Michael Connaghton,male,31,0,0,7.75,a9acb3fa-91d3-11e9-af94-a45e60d235db
1,2,Miss. Joan Wells,female,4,1,1,23,a9acb44a-91d3-11e9-af94-a45e60d235db
1,3,Master. Meier Moor,male,6,0,1,12.475,a9acb49a-91d3-11e9-af94-a45e60d235db
0,3,Mr. Johannes Joseph Vande Velde,male,33,0,0,9.5,a9acb4f4-91d3-11e9-af94-a45e60d235db
0,3,Mr. Lalio Jonkoff,male,23,0,0,7.8958,a9acb544-91d3-11e9-af94-a45e60d235db
1,2,Mrs. Samuel (Jane Laver) Herman,female,48,1,2,65,a9acb59e-91d3-11e9-af94-a45e60d235db
1,2,Master. Viljo Hamalainen,male,0.67,1,1,14.5,a9acb5ee-91d3-11e9-af94-a45e60d235db
0,3,Mr. August Sigfrid Carlsson,male,28,0,0,7.7958,a9acb648-91d3-11e9-af94-a45e60d235db
0,2,Mr. Percy Andrew Bailey,male,18,0,0,11.5,a9acb6d4-91d3-11e9-af94-a45e60d235db
0,3,Mr. Thomas Leonard Theobald,male,34,0,0,8.05,a9acb742-91d3-11e9-af94-a45e60d235db
1,1,the Countess. of (Lucy Noel Martha Dyer-Edwards) Rothes,female,33,0,0,86.5,a9acb79c-91d3-11e9-af94-a45e60d235db
0,3,Mr. John Garfirth,male,23,0,0,14.5,a9acb7f6-91d3-11e9-af94-a45e60d235db
0,3,Mr. Iisakki Antino Aijo Nirva,male,41,0,0,7.125,a9acb850-91d3-11e9-af94-a45e60d235db
1,3,Mr. Hanna Assi Barah,male,20,0,0,7.2292,a9acb8a0-91d3-11e9-af94-a45e60d235db
1,1,Mrs. William Ernest (Lucile Polk) Carter,female,36,1,2,120,a9acb972-91d3-11e9-af94-a45e60d235db
0,3,Mr. Hans Linus Eklund,male,16,0,0,7.775,a9acb9e0-91d3-11e9-af94-a45e60d235db
1,1,Mrs. John C (Anna Andrews) Hogeboom,female,51,1,0,77.9583,a9acba3a-91d3-11e9-af94-a45e60d235db
0,1,Dr. Arthur Jackson Brewe,male,46,0,0,39.6,a9acba94-91d3-11e9-af94-a45e60d235db
0,3,Miss. Mary Mangan,female,30.5,0,0,7.75,a9acbaee-91d3-11e9-af94-a45e60d235db
0,3,Mr. Daniel J Moran,male,28,1,0,24.15,a9acbb48-91d3-11e9-af94-a45e60d235db
0,3,Mr. Daniel Danielsen Gronnestad,male,32,0,0,8.3625,a9acbb98-91d3-11e9-af94-a45e60d235db
0,3,Mr. Rene Aime Lievens,male,24,0,0,9.5,a9acbbf2-91d3-11e9-af94-a45e60d235db
0,3,Mr. Niels Peder Jensen,male,48,0,0,7.8542,a9acbc42-91d3-11e9-af94-a45e60d235db
0,2,Mrs. (Mary) Mack,female,57,0,0,10.5,a9acbc9c-91d3-11e9-af94-a45e60d235db
0,3,Mr. Dibo Elias,male,29,0,0,7.225,a9acbcec-91d3-11e9-af94-a45e60d235db
1,2,Mrs. Elizabeth (Eliza Needs) Hocking,female,54,1,3,23,a9acbd46-91d3-11e9-af94-a45e60d235db
0,3,Mr. Pehr Fabian Oliver Malkolm Myhrman,male,18,0,0,7.75,a9acbda0-91d3-11e9-af94-a45e60d235db
0,3,Mr. Roger Tobin,male,20,0,0,7.75,a9acbdf0-91d3-11e9-af94-a45e60d235db
1,3,Miss. Virginia Ethel Emanuel,female,5,0,0,12.475,a9acbe4a-91d3-11e9-af94-a45e60d235db
0,3,Mr. Thomas J Kilgannon,male,22,0,0,7.7375,a9acbea4-91d3-11e9-af94-a45e60d235db
1,1,Mrs. Edward Scott (Elisabeth Walton McMillan) Robert,female,43,0,1,211.3375,a9acbefe-91d3-11e9-af94-a45e60d235db
1,3,Miss. Banoura Ayoub,female,13,0,0,7.2292,a9acbf58-91d3-11e9-af94-a45e60d235db
1,1,Mrs. Albert Adrian (Vera Gillespie) Dick,female,17,1,0,57,a9acbfb2-91d3-11e9-af94-a45e60d235db
0,1,Mr. Milton Clyde Long,male,29,0,0,30,a9acc00c-91d3-11e9-af94-a45e60d235db
0,3,Mr. Andrew G Johnston,male,35,1,2,23.45,a9acc05c-91d3-11e9-af94-a45e60d235db
0,3,Mr. William Ali,male,25,0,0,7.05,a9acc0ac-91d3-11e9-af94-a45e60d235db
0,3,Mr. Abraham (David Lishin) Harmer,male,25,0,0,7.25,a9acc0fc-91d3-11e9-af94-a45e60d235db
1,3,Miss. Anna Sofia Sjoblom,female,18,0,0,7.4958,a9acc156-91d3-11e9-af94-a45e60d235db
0,3,Master. George Hugh Rice,male,8,4,1,29.125,a9acc1b0-91d3-11e9-af94-a45e60d235db
1,3,Master. Bertram Vere Dean,male,1,1,2,20.575,a9acc200-91d3-11e9-af94-a45e60d235db
0,1,Mr. Benjamin Guggenheim,male,46,0,0,79.2,a9acc25a-91d3-11e9-af94-a45e60d235db
0,3,Mr. Andrew Keane,male,20,0,0,7.75,a9acc2aa-91d3-11e9-af94-a45e60d235db
0,2,Mr. Alfred Gaskell,male,16,0,0,26,a9acc304-91d3-11e9-af94-a45e60d235db
0,3,Miss. Stella Anna Sage,female,21,8,2,69.55,a9acc354-91d3-11e9-af94-a45e60d235db
0,1,Mr. William Fisher Hoyt,male,43,0,0,30.6958,a9acc3ae-91d3-11e9-af94-a45e60d235db
0,3,Mr. Ristiu Dantcheff,male,25,0,0,7.8958,a9acc3fe-91d3-11e9-af94-a45e60d235db
0,2,Mr. Richard Otter,male,39,0,0,13,a9acc44e-91d3-11e9-af94-a45e60d235db
1,1,Dr. Alice (Farnham) Leader,female,49,0,0,25.9292,a9acc4a8-91d3-11e9-af94-a45e60d235db
1,3,Mrs. Mara Osman,female,31,0,0,8.6833,a9acc4f8-91d3-11e9-af94-a45e60d235db
0,3,Mr. Yousseff Ibrahim Shawah,male,30,0,0,7.2292,a9acc552-91d3-11e9-af94-a45e60d235db
0,3,Mrs. Jean Baptiste (Rosalie Paula Govaert) Van Impe,female,30,1,1,24.15,a9acc5ac-91d3-11e9-af94-a45e60d235db
0,2,Mr. Martin Ponesell,male,34,0,0,13,a9acc606-91d3-11e9-af94-a45e60d235db
1,2,Mrs. Harvey (Charlotte Annie Tate) Collyer,female,31,1,1,26.25,a9acc660-91d3-11e9-af94-a45e60d235db
1,1,Master. William Thornton II Carter,male,11,1,2,120,a9acc6ba-91d3-11e9-af94-a45e60d235db
1,3,Master. Assad Alexander Thomas,male,0.42,0,1,8.5167,a9acc714-91d3-11e9-af94-a45e60d235db
1,3,Mr. Oskar Arvid Hedman,male,27,0,0,6.975,a9acc764-91d3-11e9-af94-a45e60d235db
0,3,Mr. Karl Johan Johansson,male,31,0,0,7.775,a9acc7be-91d3-11e9-af94-a45e60d235db
0,1,Mr. Thomas Jr Andrews,male,39,0,0,0,a9acc80e-91d3-11e9-af94-a45e60d235db
0,3,Miss. Ellen Natalia Pettersson,female,18,0,0,7.775,a9acc868-91d3-11e9-af94-a45e60d235db
0,2,Mr. August Meyer,male,39,0,0,13,a9acc8b8-91d3-11e9-af94-a45e60d235db
1,1,Mrs. Norman Campbell (Bertha Griggs) Chambers,female,33,1,0,53.1,a9acc912-91d3-11e9-af94-a45e60d235db
0,3,Mr. William Alexander,male,26,0,0,7.8875,a9acc96c-91d3-11e9-af94-a45e60d235db
0,3,Mr. James Lester,male,39,0,0,24.15,a9acc9bc-91d3-11e9-af94-a45e60d235db
0,2,Mr. Richard James Slemen,male,35,0,0,10.5,a9acca16-91d3-11e9-af94-a45e60d235db
0,3,Miss. Ebba Iris Alfrida Andersson,female,6,4,2,31.275,a9acca66-91d3-11e9-af94-a45e60d235db
0,3,Mr. Ernest Portage Tomlin,male,30.5,0,0,8.05,a9accac0-91d3-11e9-af94-a45e60d235db
0,1,Mr. Richard Fry,male,39,0,0,0,a9accb10-91d3-11e9-af94-a45e60d235db
0,3,Miss. Wendla Maria Heininen,female,23,0,0,7.925,a9accb6a-91d3-11e9-af94-a45e60d235db
0,2,Mr. Albert Mallet,male,31,1,1,37.0042,a9accbba-91d3-11e9-af94-a45e60d235db
0,3,Mr. John Fredrik Alexander Holm,male,43,0,0,6.45,a9accc14-91d3-11e9-af94-a45e60d235db
0,3,Master. Karl Thorsten Skoog,male,10,3,2,27.9,a9accc6e-91d3-11e9-af94-a45e60d235db
1,1,Mrs. Charles Melville (Clara Jennings Gregg) Hays,female,52,1,1,93.5,a9acccc8-91d3-11e9-af94-a45e60d235db
1,3,Mr. Nikola Lulic,male,27,0,0,8.6625,a9accd22-91d3-11e9-af94-a45e60d235db
0,1,Jonkheer. John George Reuchlin,male,38,0,0,0,a9accd7c-91d3-11e9-af94-a45e60d235db
1,3,Mrs. (Beila) Moor,female,27,0,1,12.475,a9accdcc-91d3-11e9-af94-a45e60d235db
0,3,Master. Urho Abraham Panula,male,2,4,1,39.6875,a9acce26-91d3-11e9-af94-a45e60d235db
0,3,Mr. John Flynn,male,36,0,0,6.95,a9acce76-91d3-11e9-af94-a45e60d235db
0,3,Mr. Len Lam,male,23,0,0,56.4958,a9accfac-91d3-11e9-af94-a45e60d235db
1,2,Master. Andre Mallet,male,1,0,2,37.0042,a9acd01a-91d3-11e9-af94-a45e60d235db
1,3,Mr. Thomas Joseph McCormack,male,19,0,0,7.75,a9acd074-91d3-11e9-af94-a45e60d235db
1,1,Mrs. George Nelson (Martha Evelyn) Stone,female,62,0,0,80,a9acd0ce-91d3-11e9-af94-a45e60d235db
1,3,Mrs. Antoni (Selini Alexander) Yasbeck,female,15,1,0,14.4542,a9acd132-91d3-11e9-af94-a45e60d235db
1,2,Master. George Sibley Richards,male,0.83,1,1,18.75,a9acd18c-91d3-11e9-af94-a45e60d235db
0,3,Mr. Amin Saad,male,30,0,0,7.2292,a9acd1e6-91d3-11e9-af94-a45e60d235db
0,3,Mr. Albert Augustsson,male,23,0,0,7.8542,a9acd236-91d3-11e9-af94-a45e60d235db
0,3,Mr. Owen George Allum,male,18,0,0,8.3,a9acd286-91d3-11e9-af94-a45e60d235db
1,1,Miss. Sara Rebecca Compton,female,39,1,1,83.1583,a9acd2e0-91d3-11e9-af94-a45e60d235db
0,3,Mr. Jakob Pasic,male,21,0,0,8.6625,a9acd33a-91d3-11e9-af94-a45e60d235db
0,3,Mr. Maurice Sirota,male,20,0,0,8.05,a9acd394-91d3-11e9-af94-a45e60d235db
1,3,Mr. Chang Chip,male,32,0,0,56.4958,a9acd3e4-91d3-11e9-af94-a45e60d235db
1,1,Mr. Pierre Marechal,male,29,0,0,29.7,a9acd434-91d3-11e9-af94-a45e60d235db
0,3,Mr. Ilmari Rudolf Alhomaki,male,20,0,0,7.925,a9acd48e-91d3-11e9-af94-a45e60d235db
0,2,Mr. Thomas Charles Mudd,male,16,0,0,10.5,a9acd4de-91d3-11e9-af94-a45e60d235db
1,1,Miss. Augusta Serepeca,female,30,0,0,31,a9acd538-91d3-11e9-af94-a45e60d235db
0,3,Mr. Peter L Lemberopolous,male,34.5,0,0,6.4375,a9acd588-91d3-11e9-af94-a45e60d235db
0,3,Mr. Jeso Culumovic,male,17,0,0,8.6625,a9acd5e2-91d3-11e9-af94-a45e60d235db
0,3,Mr. Anthony Abbing,male,42,0,0,7.55,a9acd632-91d3-11e9-af94-a45e60d235db
0,3,Mr. Douglas Bullen Sage,male,18,8,2,69.55,a9acd68c-91d3-11e9-af94-a45e60d235db
0,3,Mr. Marin Markoff,male,35,0,0,7.8958,a9acd6dc-91d3-11e9-af94-a45e60d235db
0,2,Rev. John Harper,male,28,0,1,33,a9acd72c-91d3-11e9-af94-a45e60d235db
1,1,Mrs. Samuel L (Edwiga Grabowska) Goldenberg,female,40,1,0,89.1042,a9acd786-91d3-11e9-af94-a45e60d235db
0,3,Master. Sigvard Harald Elias Andersson,male,4,4,2,31.275,a9acd7e0-91d3-11e9-af94-a45e60d235db
0,3,Mr. Johan Svensson,male,74,0,0,7.775,a9acd83a-91d3-11e9-af94-a45e60d235db
0,3,Miss. Nourelain Boulos,female,9,1,1,15.2458,a9acd894-91d3-11e9-af94-a45e60d235db
1,1,Miss. Mary Conover Lines,female,16,0,1,39.4,a9acd8ee-91d3-11e9-af94-a45e60d235db
0,2,Mrs. Ernest Courtenay (Lilian Hughes) Carter,female,44,1,0,26,a9acd948-91d3-11e9-af94-a45e60d235db
1,3,Mrs. Sam (Leah Rosen) Aks,female,18,0,1,9.35,a9acd9a2-91d3-11e9-af94-a45e60d235db
1,1,Mrs. George Dennick (Mary Hitchcock) Wick,female,45,1,1,164.8667,a9acd9fc-91d3-11e9-af94-a45e60d235db
1,1,Mr. Peter Denis Daly,male,51,0,0,26.55,a9acda56-91d3-11e9-af94-a45e60d235db
1,3,Mrs. Solomon (Latifa Qurban) Baclini,female,24,0,3,19.2583,a9acdb28-91d3-11e9-af94-a45e60d235db
0,3,Mr. Raihed Razi,male,30,0,0,7.2292,a9acdb96-91d3-11e9-af94-a45e60d235db
0,3,Mr. Claus Peter Hansen,male,41,2,0,14.1083,a9acdbf0-91d3-11e9-af94-a45e60d235db
0,2,Mr. Frederick Edward Giles,male,21,1,0,11.5,a9acdc4a-91d3-11e9-af94-a45e60d235db
1,1,Mrs. Frederick Joel (Margaret Welles Barron) Swift,female,48,0,0,25.9292,a9acdca4-91d3-11e9-af94-a45e60d235db
0,3,Miss. Dorothy Edith Sage,female,14,8,2,69.55,a9acdcfe-91d3-11e9-af94-a45e60d235db
0,2,Mr. John William Gill,male,24,0,0,13,a9acdd4e-91d3-11e9-af94-a45e60d235db
1,2,Mrs. (Karolina) Bystrom,female,42,0,0,13,a9acdda8-91d3-11e9-af94-a45e60d235db
1,2,Miss. Asuncion Duran y More,female,27,1,0,13.8583,a9acddf8-91d3-11e9-af94-a45e60d235db
0,1,Mr. Washington Augustus II Roebling,male,31,0,0,50.4958,a9acde52-91d3-11e9-af94-a45e60d235db
0,3,Mr. Philemon van Melkebeke,male,23,0,0,9.5,a9acdeac-91d3-11e9-af94-a45e60d235db
1,3,Master. Harold Theodor Johnson,male,4,1,1,11.1333,a9acdf06-91d3-11e9-af94-a45e60d235db
0,3,Mr. Cerin Balkic,male,26,0,0,7.8958,a9acdf60-91d3-11e9-af94-a45e60d235db
1,1,Mrs. Richard Leonard (Sallie Monypeny) Beckwith,female,47,1,1,52.5542,a9acdfb0-91d3-11e9-af94-a45e60d235db
0,1,Mr. Frans Olof Carlsson,male,33,0,0,5,a9ace014-91d3-11e9-af94-a45e60d235db
0,3,Mr. Victor Vander Cruyssen,male,47,0,0,9,a9ace064-91d3-11e9-af94-a45e60d235db
1,2,Mrs. Samuel (Hannah Wizosky) Abelson,female,28,1,0,24,a9ace0b4-91d3-11e9-af94-a45e60d235db
1,3,Miss. Adele Kiamie Najib,female,15,0,0,7.225,a9ace10e-91d3-11e9-af94-a45e60d235db
0,3,Mr. Alfred Ossian Gustafsson,male,20,0,0,9.8458,a9ace168-91d3-11e9-af94-a45e60d235db
0,3,Mr. Nedelio Petroff,male,19,0,0,7.8958,a9ace1c2-91d3-11e9-af94-a45e60d235db
0,3,Mr. Kristo Laleff,male,23,0,0,7.8958,a9ace212-91d3-11e9-af94-a45e60d235db
1,1,Mrs. Thomas Jr (Lily Alexenia Wilson) Potter,female,56,0,1,83.1583,a9ace26c-91d3-11e9-af94-a45e60d235db
1,2,Mrs. William (Imanita Parrish Hall) Shelley,female,25,0,1,26,a9ace2c6-91d3-11e9-af94-a45e60d235db
0,3,Mr. Johann Markun,male,33,0,0,7.8958,a9ace320-91d3-11e9-af94-a45e60d235db
0,3,Miss. Gerda Ulrika Dahlberg,female,22,0,0,10.5167,a9ace37a-91d3-11e9-af94-a45e60d235db
0,2,Mr. Frederick James Banfield,male,28,0,0,10.5,a9ace3d4-91d3-11e9-af94-a45e60d235db
0,3,Mr. Henry Jr Sutehall,male,25,0,0,7.05,a9ace424-91d3-11e9-af94-a45e60d235db
0,3,Mrs. William (Margaret Norton) Rice,female,39,0,5,29.125,a9ace47e-91d3-11e9-af94-a45e60d235db
0,2,Rev. Juozas Montvila,male,27,0,0,13,a9ace4d8-91d3-11e9-af94-a45e60d235db
1,1,Miss. Margaret Edith Graham,female,19,0,0,30,a9ace528-91d3-11e9-af94-a45e60d235db
0,3,Miss. Catherine Helen Johnston,female,7,1,2,23.45,a9ace582-91d3-11e9-af94-a45e60d235db
1,1,Mr. Karl Howell Behr,male,26,0,0,30,a9ace5d2-91d3-11e9-af94-a45e60d235db
0,3,Mr. Patrick Dooley,male,32,0,0,7.75,a9ace690-91d3-11e9-af94-a45e60d235db
